Date,Open,High,Low,Close,Adj Close,Volume,MA_20,MA_50,SHORT_GR_LONG,Signal,Buy & Sell
2019-08-05,1059.5,1059.5,1026.5999755859375,1036.800048828125,1026.5274658203125,1962260,1086.2825012207031,1203.3049926757812,0,,NULL
2019-08-06,1027.0,1070.0,1021.25,1046.699951171875,1036.329345703125,5738839,1083.6700012207032,1199.4199926757813,0,0.0,NULL
2019-08-07,1022.0,1040.9000244140625,998.0,1028.449951171875,1018.2601318359375,8983860,1080.0325012207031,1195.3579907226563,0,0.0,NULL
2019-08-08,1036.0,1059.800048828125,1011.6500244140625,1041.0999755859375,1030.7847900390625,2553976,1077.2375,1191.4869897460937,0,0.0,NULL
2019-08-09,1050.0,1077.0,1041.5,1067.0,1056.42822265625,2944544,1075.5275024414063,1188.014990234375,0,0.0,NULL
2019-08-13,1070.0,1088.5,1056.0999755859375,1063.8499755859375,1053.3094482421875,3293100,1074.25,1184.5769897460937,0,0.0,NULL
2019-08-14,1054.0999755859375,1090.8499755859375,1051.050048828125,1084.0,1073.259765625,1834669,1072.7125,1180.9319897460937,0,0.0,NULL
2019-08-16,1075.0,1084.300048828125,1070.199951171875,1075.800048828125,1065.1409912109375,1366746,1071.007501220703,1177.4879907226561,0,0.0,NULL
2019-08-19,1104.699951171875,1104.699951171875,1080.1500244140625,1088.949951171875,1078.16064453125,1467603,1071.4549987792968,1173.8779907226562,0,0.0,NULL
2019-08-20,1090.9000244140625,1095.75,1075.550048828125,1092.3499755859375,1081.527099609375,1584464,1071.5199951171876,1170.3459912109374,0,0.0,NULL
2019-08-21,1090.5,1097.0,1060.300048828125,1065.300048828125,1054.7451171875,1344715,1070.5074951171875,1166.1119921875,0,0.0,NULL
2019-08-22,1065.800048828125,1070.0,1048.050048828125,1061.75,1051.230224609375,1182766,1068.6374938964843,1161.6479931640624,0,0.0,NULL
2019-08-23,1062.300048828125,1082.9000244140625,1040.0,1073.5,1062.8638916015625,1925420,1067.9424926757813,1157.3409936523437,0,0.0,NULL
2019-08-26,1094.699951171875,1106.800048828125,1061.6500244140625,1102.449951171875,1091.52685546875,2601437,1068.5424926757812,1153.4809936523438,0,0.0,NULL
2019-08-27,1108.0,1130.1500244140625,1099.199951171875,1123.699951171875,1112.56640625,2825727,1069.407489013672,1150.3169921875,0,0.0,NULL
2019-08-28,1129.0,1131.5,1107.5,1110.949951171875,1099.942626953125,1599333,1071.0099853515626,1147.414990234375,0,0.0,NULL
2019-08-29,1111.5,1115.0,1096.550048828125,1101.800048828125,1090.883544921875,1204392,1072.139990234375,1144.3009912109376,0,0.0,NULL
2019-08-30,1107.050048828125,1113.0,1095.0,1105.0999755859375,1094.1507568359375,1454803,1074.577490234375,1140.9009912109375,0,0.0,NULL
2019-09-03,1098.0,1098.300048828125,1052.949951171875,1059.6500244140625,1049.151123046875,1858383,1074.6949890136718,1135.9619921875,0,0.0,NULL
2019-09-04,1060.0,1069.0,1025.5,1037.199951171875,1026.9234619140625,2881072,1073.3199890136718,1130.8589916992187,0,0.0,NULL
2019-09-05,1037.0,1052.9000244140625,1036.25,1048.6500244140625,1038.260009765625,1587469,1073.9124877929687,1125.8309912109376,0,0.0,NULL
2019-09-06,1054.0,1070.949951171875,1042.449951171875,1068.699951171875,1058.111328125,1443212,1075.0124877929688,1120.8419897460938,0,0.0,NULL
2019-09-09,1065.0,1091.949951171875,1058.4000244140625,1088.3499755859375,1077.566650390625,1272456,1078.0074890136718,1116.42798828125,0,0.0,NULL
2019-09-11,1095.949951171875,1103.5,1083.050048828125,1101.050048828125,1090.140869140625,1432923,1081.0049926757813,1111.864990234375,0,0.0,NULL
2019-09-12,1110.699951171875,1114.5999755859375,1083.75,1086.0999755859375,1075.3388671875,1792647,1081.9599914550781,1106.8929907226564,0,0.0,NULL
2019-09-13,1088.0999755859375,1126.5,1088.0999755859375,1123.4000244140625,1112.2694091796875,3428008,1084.9374938964843,1102.8969921875,0,0.0,NULL
2019-09-16,1123.9000244140625,1152.0,1115.4000244140625,1148.550048828125,1137.170166015625,3645849,1088.1649963378907,1099.3879931640624,0,0.0,NULL
2019-09-17,1155.0,1176.199951171875,1154.050048828125,1158.25,1146.774169921875,3120692,1092.2874938964844,1095.983994140625,0,0.0,NULL
2019-09-18,1163.0,1168.0,1150.550048828125,1160.699951171875,1149.1998291015625,1434623,1095.8749938964843,1093.3909936523437,1,1.0,SELL
2019-09-19,1164.0,1167.6500244140625,1148.449951171875,1153.199951171875,1141.7740478515625,1255713,1098.9174926757812,1090.8929931640625,1,0.0,NULL
2019-09-20,1160.0,1334.4000244140625,1153.0,1263.550048828125,1251.0308837890625,7588909,1108.8299926757813,1091.1149951171874,1,0.0,NULL
2019-09-23,1275.199951171875,1345.0,1275.0,1311.800048828125,1298.8028564453125,5902008,1121.3324951171876,1095.3719970703125,1,0.0,NULL
2019-09-24,1317.0,1324.25,1282.0,1292.6500244140625,1279.842529296875,2642955,1132.2899963378907,1099.2009985351563,1,0.0,NULL
2019-09-25,1296.1500244140625,1314.9000244140625,1262.800048828125,1268.9000244140625,1256.327880859375,3928117,1140.6125,1102.6389990234375,1,0.0,NULL
2019-09-26,1273.0,1292.550048828125,1272.0,1288.300048828125,1275.53564453125,2277616,1148.8425048828126,1106.3810009765625,1,0.0,NULL
2019-09-27,1291.0,1293.949951171875,1265.1500244140625,1284.050048828125,1271.3277587890625,1847785,1157.497509765625,1110.2740014648436,1,0.0,NULL
2019-09-30,1290.5,1295.8499755859375,1266.5,1273.050048828125,1260.436767578125,2142791,1166.060009765625,1113.4400024414062,1,0.0,NULL
2019-10-01,1282.0,1297.800048828125,1267.550048828125,1280.5999755859375,1267.911865234375,1454512,1174.835009765625,1116.8540014648438,1,0.0,NULL
2019-10-03,1279.4000244140625,1298.0,1268.75,1295.5,1282.664306640625,1449986,1186.627508544922,1121.1640014648438,1,0.0,NULL
2019-10-04,1303.0,1306.699951171875,1240.0999755859375,1250.9000244140625,1238.5062255859375,2383219,1197.3125122070312,1124.3610009765625,1,0.0,NULL
2019-10-07,1255.0999755859375,1265.800048828125,1241.300048828125,1259.0,1246.52587890625,1100794,1207.830010986328,1127.83,1,0.0,NULL
2019-10-09,1200.0,1236.25,1177.050048828125,1230.300048828125,1218.1103515625,8327469,1215.9100158691406,1130.4530004882813,1,0.0,NULL
2019-10-10,1231.199951171875,1242.449951171875,1220.0,1234.699951171875,1222.466552734375,1479753,1223.2275146484376,1133.3989990234375,1,0.0,NULL
2019-10-11,1242.050048828125,1249.0,1215.0,1243.5999755859375,1231.2784423828125,2182903,1230.3550109863281,1136.4619995117187,1,0.0,NULL
2019-10-14,1239.800048828125,1258.0,1233.5,1248.949951171875,1236.575439453125,1241231,1238.497509765625,1139.312998046875,1,0.0,NULL
2019-10-15,1254.0,1275.1500244140625,1253.0,1272.0999755859375,1259.49609375,1379017,1245.9325073242187,1143.1769970703126,1,0.0,NULL
2019-10-16,1274.800048828125,1277.699951171875,1256.050048828125,1274.550048828125,1261.9219970703125,1223194,1252.2325073242187,1147.0839990234374,1,0.0,NULL
2019-10-17,1285.0,1285.550048828125,1271.0999755859375,1277.050048828125,1264.3970947265625,1500556,1258.172509765625,1151.4980004882811,1,0.0,NULL
2019-10-18,1278.0,1305.0,1274.050048828125,1300.5999755859375,1287.7137451171875,1135957,1265.1675109863281,1156.3639990234376,1,0.0,NULL
2019-10-22,1300.449951171875,1336.800048828125,1294.5,1329.449951171875,1316.2777099609375,2138284,1273.9800109863281,1161.6589990234374,1,0.0,NULL
2019-10-23,1331.949951171875,1366.3499755859375,1327.050048828125,1348.6500244140625,1335.28759765625,3148288,1278.235009765625,1167.8959985351562,1,0.0,NULL
2019-10-24,1364.0,1379.0,1350.6500244140625,1374.550048828125,1360.93115234375,1791699,1281.372509765625,1174.4530004882813,1,0.0,NULL
2019-10-25,1378.9000244140625,1389.949951171875,1331.1500244140625,1335.0,1321.77294921875,3934315,1283.490008544922,1180.5840014648438,1,0.0,NULL
2019-10-27,1338.949951171875,1341.800048828125,1315.699951171875,1319.9000244140625,1306.8223876953125,470393,1286.0400085449219,1186.1600024414063,1,0.0,NULL
2019-10-29,1320.0,1340.0,1293.199951171875,1332.5999755859375,1319.3966064453125,2030358,1288.2550048828125,1191.472001953125,1,0.0,NULL
2019-10-30,1347.0,1347.0,1312.0,1316.1500244140625,1303.109619140625,1681593,1289.8600036621094,1196.5180029296876,1,0.0,NULL
2019-10-31,1322.0,1336.0,1319.6500244140625,1331.199951171875,1318.0103759765625,1533763,1292.7674987792968,1201.462001953125,1,0.0,NULL
2019-11-01,1331.800048828125,1333.3499755859375,1287.050048828125,1301.9000244140625,1289.0009765625,2491686,1293.832501220703,1205.9840014648437,1,0.0,NULL
2019-11-04,1311.0,1311.0,1282.0999755859375,1298.800048828125,1285.931640625,1706003,1293.9975036621095,1210.1810034179687,1,0.0,NULL
2019-11-05,1295.0,1306.25,1277.5,1283.800048828125,1271.0802001953125,2881634,1295.6425048828125,1214.0100048828126,1,0.0,NULL
2019-11-06,1165.0,1199.0,1150.0,1156.0999755859375,1144.645263671875,18294122,1290.4975036621095,1215.8260034179686,1,0.0,NULL
2019-11-07,1161.0,1179.0,1156.449951171875,1167.199951171875,1155.6353759765625,6500446,1287.3424987792969,1217.9350024414061,1,0.0,NULL
2019-11-08,1167.199951171875,1172.949951171875,1154.0,1156.75,1145.2890625,2796511,1283.445001220703,1219.6000024414063,1,0.0,NULL
2019-11-11,1156.75,1163.75,1137.6500244140625,1155.699951171875,1144.2493896484375,2357413,1279.05,1220.6650024414062,1,0.0,NULL
2019-11-13,1155.699951171875,1167.0,1150.0999755859375,1159.050048828125,1147.5662841796875,2336007,1274.5550048828125,1221.3720043945314,1,0.0,NULL
2019-11-14,1164.0,1176.300048828125,1162.0,1169.0999755859375,1157.5166015625,2571355,1269.4050048828126,1222.5350048828125,1,0.0,NULL
2019-11-15,1173.0,1174.800048828125,1155.9000244140625,1158.449951171875,1146.9720458984375,1506407,1263.6,1223.6680029296874,1,0.0,NULL
2019-11-18,1160.1500244140625,1164.5,1152.800048828125,1158.800048828125,1147.3187255859375,1132129,1257.6875,1224.7420043945312,1,0.0,NULL
2019-11-19,1158.800048828125,1167.800048828125,1153.0999755859375,1163.199951171875,1151.6749267578125,1109428,1250.8174987792968,1226.8130029296874,1,0.0,NULL
2019-11-20,1166.0,1167.5,1156.4000244140625,1162.8499755859375,1151.3284912109375,920219,1242.4875,1229.3260034179686,1,0.0,NULL
2019-11-21,1163.0,1170.0,1144.0,1148.25,1136.8731689453125,1417102,1232.4674987792969,1231.3180029296875,1,0.0,NULL
2019-11-22,1148.0,1150.699951171875,1123.199951171875,1135.5999755859375,1124.3485107421875,2320184,1220.5199951171876,1232.6560034179688,0,-1.0,NULL
2019-11-25,1149.9000244140625,1166.949951171875,1143.0999755859375,1163.5999755859375,1152.071044921875,2270744,1211.9499938964843,1234.1610034179687,0,0.0,NULL
2019-11-26,1166.9000244140625,1184.75,1162.199951171875,1166.0999755859375,1154.5462646484375,4025257,1204.259991455078,1235.462001953125,0,0.0,NULL
2019-11-27,1170.0,1182.5,1161.0,1167.1500244140625,1155.5859375,1587451,1195.9874938964845,1237.0830029296876,0,0.0,NULL
2019-11-28,1172.0,1172.0,1160.3499755859375,1169.5,1157.91259765625,1031591,1188.6549926757812,1238.0050024414063,0,0.0,NULL
2019-11-29,1173.0,1178.550048828125,1155.0,1159.699951171875,1148.2095947265625,1244953,1180.0799926757813,1238.2280004882812,0,0.0,NULL
2019-12-02,1160.0,1161.0,1142.5,1153.800048828125,1142.3682861328125,1016807,1172.6749938964845,1238.1390014648437,0,0.0,NULL
2019-12-03,1155.0,1170.0,1150.0999755859375,1158.1500244140625,1146.6751708984375,1315825,1165.6424926757813,1238.0880029296875,0,0.0,NULL
2019-12-04,1154.699951171875,1178.0,1153.0,1174.6500244140625,1163.0115966796875,1388528,1160.184991455078,1238.5170043945313,0,0.0,NULL
2019-12-05,1180.0,1204.5999755859375,1175.0,1184.25,1172.5166015625,3637705,1161.5924926757812,1236.9310034179687,0,0.0,NULL
2019-12-06,1189.800048828125,1189.800048828125,1168.9000244140625,1172.0,1160.387939453125,1026657,1161.8324951171876,1234.1350024414062,0,0.0,NULL
2019-12-09,1173.0,1186.0,1165.8499755859375,1178.050048828125,1166.3779296875,1092070,1162.8974975585938,1231.8430029296876,0,0.0,NULL
2019-12-10,1175.0999755859375,1192.0999755859375,1172.9000244140625,1179.300048828125,1167.6156005859375,1641867,1164.0775024414063,1230.0510034179688,0,0.0,NULL
2019-12-11,1178.0999755859375,1189.0,1175.75,1179.550048828125,1167.8631591796875,1005638,1165.1025024414062,1227.8760034179688,0,0.0,NULL
2019-12-12,1182.0999755859375,1192.0,1177.5,1188.0,1176.2293701171875,1065673,1166.0475036621094,1225.9550024414064,0,0.0,NULL
2019-12-13,1193.0,1203.5,1182.5999755859375,1186.1500244140625,1174.397705078125,1624478,1167.4325073242187,1224.217001953125,0,0.0,NULL
2019-12-16,1188.550048828125,1192.25,1162.8499755859375,1165.6500244140625,1154.100830078125,1239589,1167.7750061035156,1221.9180029296874,0,0.0,NULL
2019-12-17,1171.0,1171.0,1152.0,1157.3499755859375,1145.883056640625,1706196,1167.4825073242187,1219.1550024414062,0,0.0,NULL
2019-12-18,1164.0,1167.3499755859375,1150.3499755859375,1159.0999755859375,1147.61572265625,1391631,1167.2950073242187,1217.3190014648437,0,0.0,NULL
2019-12-19,1159.0,1162.5,1153.0,1159.050048828125,1147.5662841796875,1338696,1167.835009765625,1215.3200024414064,0,0.0,NULL
2019-12-20,1160.0,1206.449951171875,1160.0,1201.9000244140625,1189.99169921875,6754831,1171.1500122070313,1214.752001953125,0,0.0,NULL
2019-12-23,1206.0999755859375,1229.0,1201.0999755859375,1209.0999755859375,1197.120361328125,3980835,1173.4250122070312,1214.2400024414062,0,0.0,NULL
2019-12-24,1206.050048828125,1222.0,1200.6500244140625,1204.0999755859375,1192.1697998046875,2236779,1175.3250122070312,1213.4500024414062,0,0.0,NULL
2019-12-26,1209.949951171875,1213.75,1190.5999755859375,1192.5,1180.684814453125,1800229,1176.592510986328,1212.3210034179688,0,0.0,NULL
2019-12-27,1196.449951171875,1199.199951171875,1184.8499755859375,1191.449951171875,1179.6451416015625,1332568,1177.690008544922,1210.7080029296876,0,0.0,NULL
2019-12-30,1195.0,1198.0,1183.0999755859375,1193.75,1181.9224853515625,1109808,1179.392510986328,1209.092001953125,0,0.0,NULL
2019-12-31,1195.0,1203.699951171875,1184.199951171875,1187.949951171875,1176.1798095703125,1753530,1181.1000061035156,1207.31,0,0.0,NULL
2020-01-01,1194.449951171875,1199.0,1152.199951171875,1154.75,1143.308837890625,3137636,1180.9300048828125,1204.3930004882814,0,0.0,NULL
2020-01-02,1157.0,1159.9000244140625,1140.0,1155.5999755859375,1144.150390625,3286436,1179.9775024414062,1200.9160009765626,0,0.0,NULL
2020-01-03,1156.0,1156.0,1132.0,1139.699951171875,1128.4078369140625,2695237,1177.75,1196.7369995117188,0,0.0,NULL
2020-01-06,1162.0,1171.4000244140625,1150.0999755859375,1158.5999755859375,1147.1207275390625,4494752,1177.0799987792968,1192.417998046875,0,0.0,NULL
2020-01-07,1170.949951171875,1173.8499755859375,1152.050048828125,1159.949951171875,1148.457275390625,2363578,1176.1749938964845,1188.9169970703124,0,0.0,NULL
2020-01-08,1145.0,1156.300048828125,1138.0,1143.300048828125,1131.97216796875,2370166,1174.3749938964843,1185.3849975585938,0,0.0,NULL
2020-01-09,1155.0,1168.0,1148.5,1163.449951171875,1151.9224853515625,1764131,1173.5699890136718,1182.0019970703124,0,0.0,NULL
2020-01-10,1167.0,1170.699951171875,1150.75,1154.050048828125,1142.6158447265625,1517311,1171.872491455078,1178.7599975585938,0,0.0,NULL
2020-01-13,1155.0,1162.449951171875,1148.5,1158.949951171875,1147.4671630859375,1135936,1170.5124877929688,1175.3149975585939,0,0.0,NULL
2020-01-14,1162.0,1168.6500244140625,1157.1500244140625,1167.0999755859375,1155.536376953125,1324743,1170.5849853515624,1172.6189965820313,0,0.0,NULL
2020-01-15,1173.5,1191.5,1170.5999755859375,1184.8499755859375,1173.1104736328125,2665214,1171.9599853515624,1170.3399951171875,1,1.0,SELL
2020-01-16,1184.8499755859375,1195.5,1174.0999755859375,1192.9000244140625,1181.0806884765625,1644541,1173.6499877929687,1168.5219946289062,1,0.0,NULL
2020-01-17,1194.800048828125,1196.8499755859375,1184.0,1188.75,1176.971923828125,1034774,1175.1349853515626,1169.1749951171876,1,0.0,NULL
2020-01-20,1190.0,1195.0,1179.0999755859375,1187.8499755859375,1176.080810546875,1139858,1174.4324829101563,1169.5879956054687,1,0.0,NULL
2020-01-21,1183.449951171875,1183.9000244140625,1161.0,1176.199951171875,1164.546142578125,925998,1172.7874816894532,1169.9769946289061,1,0.0,NULL
2020-01-22,1181.800048828125,1185.949951171875,1172.0,1177.6500244140625,1165.9818115234375,902471,1171.4649841308594,1170.41599609375,1,0.0,NULL
2020-01-23,1176.0,1206.6500244140625,1175.0,1204.0999755859375,1192.1697998046875,2101116,1172.0449829101562,1171.3169946289063,1,0.0,NULL
2020-01-24,1208.9000244140625,1230.0,1206.050048828125,1227.8499755859375,1215.6844482421875,2841654,1173.8649841308593,1172.4919946289062,1,0.0,NULL
2020-01-27,1228.0,1240.3499755859375,1208.8499755859375,1213.800048828125,1201.7738037109375,2332864,1174.8674865722655,1173.5989965820313,1,0.0,NULL
2020-01-28,1215.0,1223.5,1188.300048828125,1195.0,1183.1600341796875,1703068,1175.219989013672,1174.3229956054688,1,0.0,NULL
2020-01-29,1198.5,1207.9000244140625,1181.5999755859375,1186.199951171875,1174.4471435546875,1380266,1176.7924865722657,1174.7829956054688,1,0.0,NULL
2020-01-30,1191.0,1191.5,1176.199951171875,1179.25,1167.5660400390625,1859283,1177.9749877929687,1175.11099609375,1,0.0,NULL
2020-01-31,1185.5,1194.800048828125,1180.0,1187.75,1175.9818115234375,1809101,1180.377490234375,1175.90099609375,1,0.0,NULL
2020-02-03,1170.0,1192.300048828125,1162.550048828125,1186.4000244140625,1174.645263671875,3595537,1181.7674926757813,1176.9169970703124,1,0.0,NULL
2020-02-04,1195.0,1287.800048828125,1185.0,1275.800048828125,1263.1595458984375,7875930,1187.5599975585938,1179.1609985351563,1,0.0,NULL
2020-02-05,1284.75,1297.699951171875,1255.0,1279.8499755859375,1267.1693115234375,5459816,1194.3874938964843,1181.4359985351562,1,0.0,NULL
2020-02-06,1284.949951171875,1294.199951171875,1252.050048828125,1259.300048828125,1246.822998046875,2463971,1199.179998779297,1183.2789990234376,1,0.0,NULL
2020-02-07,1264.050048828125,1279.5,1258.4000244140625,1275.0,1262.367431640625,2277867,1205.2274963378907,1185.3889990234375,1,0.0,NULL
2020-02-10,1270.9000244140625,1275.0,1253.3499755859375,1257.199951171875,1244.74365234375,1021943,1210.1399963378906,1187.3389990234375,1,0.0,NULL
2020-02-11,1263.0,1278.9000244140625,1258.550048828125,1270.699951171875,1258.1099853515625,1351413,1215.3199951171875,1189.6769970703126,1,0.0,NULL
2020-02-12,1276.949951171875,1288.949951171875,1265.8499755859375,1269.0,1256.4268798828125,1195516,1219.5274963378906,1191.8939965820311,1,0.0,NULL
2020-02-13,1270.0,1308.0,1270.0,1298.0999755859375,1285.2384033203125,4458645,1224.7874938964844,1194.3629956054688,1,0.0,NULL
2020-02-14,1306.949951171875,1310.699951171875,1290.0,1293.449951171875,1280.634521484375,1416212,1230.0224914550781,1196.5469946289063,1,0.0,NULL
2020-02-17,1293.050048828125,1321.5999755859375,1288.3499755859375,1316.050048828125,1303.0106201171875,2347399,1236.4324951171875,1199.4279956054688,1,0.0,NULL
2020-02-18,1314.0,1318.9000244140625,1301.25,1311.0,1298.0106201171875,1761012,1243.1724975585937,1202.0869946289063,1,0.0,NULL
2020-02-19,1317.0,1332.9000244140625,1312.050048828125,1329.5999755859375,1316.426513671875,1445826,1250.7699951171876,1205.0929931640626,1,0.0,NULL
2020-02-20,1330.0,1341.050048828125,1320.0,1322.8499755859375,1309.7432861328125,1513648,1256.7074951171876,1207.9589916992188,1,0.0,NULL
2020-02-24,1310.0,1317.800048828125,1273.8499755859375,1279.9000244140625,1267.2188720703125,1341317,1259.3099975585938,1209.7969921875,1,0.0,NULL
2020-02-25,1285.0,1286.75,1256.800048828125,1260.0999755859375,1247.614990234375,1358874,1261.6249938964843,1211.2759912109375,1,0.0,NULL
2020-02-26,1256.0,1267.0,1245.0999755859375,1255.0999755859375,1242.66455078125,1506693,1264.6299926757813,1213.064990234375,1,0.0,NULL
2020-02-27,1250.0,1286.0,1250.0,1277.9000244140625,1265.23876953125,4569014,1269.2149963378906,1215.4759912109375,1,0.0,NULL
2020-02-28,1255.0,1270.699951171875,1235.6500244140625,1254.5,1242.070556640625,2728105,1272.9774963378907,1217.3839916992188,1,0.0,NULL
2020-03-02,1275.0,1294.0,1228.0,1244.1500244140625,1231.8231201171875,2773593,1275.7974975585937,1219.0859912109374,1,0.0,NULL
2020-03-03,1248.199951171875,1272.0,1225.0,1247.0,1234.644775390625,2660100,1278.8274963378906,1219.9879907226561,1,0.0,NULL
2020-03-04,1251.949951171875,1265.6500244140625,1217.300048828125,1250.949951171875,1238.5556640625,3007393,1277.5849914550781,1220.824990234375,1,0.0,NULL
2020-03-05,1253.5,1265.1500244140625,1242.199951171875,1259.1500244140625,1246.6744384765625,1555538,1276.5499938964845,1221.9259912109376,1,0.0,NULL
2020-03-06,1229.0,1246.949951171875,1219.699951171875,1242.5999755859375,1230.288330078125,1678642,1275.714990234375,1222.9279907226562,1,0.0,NULL
2020-03-09,1225.0,1241.8499755859375,1175.0,1203.449951171875,1191.5262451171875,2285787,1272.1374877929688,1223.1679907226562,1,0.0,NULL
2020-03-11,1197.949951171875,1213.3499755859375,1177.550048828125,1187.6500244140625,1175.8829345703125,2314388,1268.6599914550782,1223.0459912109375,1,0.0,NULL
2020-03-12,1150.0,1153.949951171875,1064.6500244140625,1076.75,1066.0816650390625,3608906,1258.9624938964844,1220.8219921875,1,0.0,NULL
2020-03-13,1055.5999755859375,1134.699951171875,946.0499877929688,1084.3499755859375,1073.606201171875,4337046,1249.7299926757812,1219.4139916992187,1,0.0,NULL
2020-03-16,1049.949951171875,1049.949951171875,983.0,1011.3499755859375,1001.32958984375,3443930,1235.3924926757813,1216.5289916992188,1,0.0,NULL
2020-03-17,1005.0,1038.0,977.7999877929688,1001.0,991.0821533203125,2985146,1220.7699951171876,1213.7549926757813,1,0.0,NULL
2020-03-18,1028.0,1028.0,921.0,930.75,921.5281982421875,5508541,1201.5049926757813,1209.1979931640626,0,-1.0,NULL
2020-03-19,879.9500122070312,924.4000244140625,839.75,903.5,894.5482177734375,4838552,1181.1299926757813,1204.068994140625,0,0.0,NULL
2020-03-20,906.0999755859375,934.0,866.0,904.9000244140625,895.934326171875,4407646,1159.8949951171876,1199.3009936523438,0,0.0,NULL
2020-03-23,839.6500244140625,841.0499877929688,771.25,800.9500122070312,793.0142211914062,4960906,1133.799996948242,1192.0509948730469,0,0.0,NULL
2020-03-24,805.25,857.8499755859375,720.9000244140625,816.0999755859375,808.0140991210938,5404961,1110.6099945068358,1185.291993408203,0,0.0,NULL
2020-03-25,799.0,897.7000122070312,784.7999877929688,880.7999877929688,872.0730590820312,3564854,1091.6449951171876,1179.728994140625,0,0.0,NULL
2020-03-26,895.0,947.7999877929688,872.2999877929688,928.2999877929688,919.1024780273438,3635282,1075.304995727539,1174.9529943847656,0,0.0,NULL
2020-03-27,960.0,965.0,896.0,937.0499877929688,927.7657470703125,2999631,1058.2624938964843,1169.9969946289064,0,0.0,NULL
2020-03-30,861.0,959.0,861.0,943.6500244140625,934.3004150390625,2901412,1042.7199951171874,1165.0119946289062,0,0.0,NULL
2020-03-31,967.0,971.7000122070312,923.75,933.7000122070312,924.448974609375,3811918,1027.197494506836,1159.9109948730468,0,0.0,NULL
2020-04-01,929.7000122070312,950.0,902.0,936.0499877929688,926.775634765625,2935916,1011.6499938964844,1154.8749951171876,0,0.0,NULL
2020-04-03,930.0,930.0499877929688,855.9500122070312,862.7999877929688,854.2513427734375,4951957,992.2424957275391,1148.6069958496093,0,0.0,NULL
2020-04-07,900.0999755859375,954.9500122070312,892.2999877929688,947.4500122070312,938.062744140625,4186574,976.6574951171875,1144.0029956054686,0,0.0,NULL
2020-04-08,935.0,966.4000244140625,893.4000244140625,913.4500122070312,904.3995971679688,5505995,960.1999969482422,1138.1899963378905,0,0.0,NULL
2020-04-09,931.6500244140625,1044.0,917.3499755859375,1013.8499755859375,1003.8048095703125,8532854,950.7199981689453,1133.9099963378906,0,0.0,NULL
2020-04-13,1014.5,1014.5,943.2000122070312,966.8499755859375,957.2704467773438,4399110,939.6799957275391,1128.970994873047,0,0.0,NULL
2020-04-15,990.0,990.0,937.2000122070312,952.0499877929688,942.6171264648438,5502739,933.4449951171875,1124.1119946289064,0,0.0,NULL
2020-04-16,929.0,999.0,915.0,985.25,975.4881591796875,6251879,928.4899963378906,1120.0929956054688,0,0.0,NULL
2020-04-17,1001.0999755859375,1017.7000122070312,956.2999877929688,975.5,965.8348388671875,5761623,926.6974975585938,1116.0179956054687,0,0.0,NULL
2020-04-20,975.5,982.2000122070312,957.0,975.5,965.8348388671875,2557331,925.4224975585937,1111.7729956054689,0,0.0,NULL
2020-04-21,958.0,962.2000122070312,932.4500122070312,936.7000122070312,927.4192504882812,3717567,925.7199981689453,1106.778995361328,0,0.0,NULL
2020-04-22,936.7000122070312,955.25,922.5499877929688,951.4000244140625,941.9736328125,2779272,928.1149993896485,1100.2909948730469,0,0.0,NULL
2020-04-23,922.25,935.5,905.0,912.5999755859375,903.5579833984375,7009187,928.4999969482421,1092.9459948730469,0,0.0,NULL
2020-04-24,910.0,926.9000244140625,893.0999755859375,906.0499877929688,897.0728759765625,4692972,933.754995727539,1085.8809936523437,0,0.0,NULL
2020-04-27,914.2000122070312,938.0,912.0499877929688,927.75,918.557861328125,3816089,939.3374969482422,1078.9359936523438,0,0.0,NULL
2020-04-28,930.3499755859375,940.0,917.0,932.8499755859375,923.6073608398438,2548149,941.9399963378906,1072.448994140625,0,0.0,NULL
2020-04-29,932.0,933.5999755859375,918.0,925.4000244140625,916.231201171875,2514908,941.7949981689453,1065.5429956054688,0,0.0,NULL
2020-04-30,935.2000122070312,978.9500122070312,929.0,970.0499877929688,960.4387817382812,4336412,943.4449981689453,1059.5639953613281,0,0.0,NULL
2020-05-04,928.5,929.0,886.0,891.8499755859375,883.0136108398438,4201101,940.8549957275391,1051.4389953613281,0,0.0,NULL
2020-05-05,905.0,908.8499755859375,877.0,886.9500122070312,878.1621704101562,5214901,938.5174957275391,1043.3089965820313,0,0.0,NULL
2020-05-06,887.0,891.9500122070312,861.25,876.4500122070312,867.7661743164062,3713850,935.5374969482422,1034.5169958496094,0,0.0,NULL
2020-05-07,878.5,878.5,846.4000244140625,849.0999755859375,840.6871337890625,4744629,934.8524963378907,1025.278995361328,0,0.0,NULL
2020-05-08,857.0,862.5,830.2999877929688,832.8499755859375,824.59814453125,4751910,929.1224945068359,1015.3439953613281,0,0.0,NULL
2020-05-11,848.4500122070312,851.4000244140625,824.0,829.5999755859375,821.3803100585938,3704305,924.9299926757812,1005.4789953613281,0,0.0,NULL
2020-05-12,827.0,851.0,822.25,846.4500122070312,838.0634765625,5287477,916.5599945068359,996.8099951171876,0,0.0,NULL
2020-05-13,874.9500122070312,883.9500122070312,856.0,860.4500122070312,851.9247436523438,3599358,911.2399963378906,988.8169958496094,0,0.0,NULL
2020-05-14,855.0,856.0,841.25,846.0,837.6178588867188,2161536,905.9374969482421,980.6349963378906,0,0.0,NULL
2020-05-15,846.0,859.7999877929688,842.0,845.5999755859375,837.2218017578125,2130736,898.9549957275391,971.9889953613281,0,0.0,NULL
2020-05-18,841.5,845.0,810.0,817.2999877929688,809.2022094726562,4634758,891.0449951171875,963.2449951171875,0,0.0,NULL
2020-05-19,827.2999877929688,844.1500244140625,818.1500244140625,826.7999877929688,818.6080932617188,3072505,883.609994506836,954.8979943847656,0,0.0,NULL
2020-05-20,824.0,854.0,818.5999755859375,848.7000122070312,840.2911376953125,3403474,879.209994506836,946.9319946289063,0,0.0,NULL
2020-05-21,854.0,860.0,843.9000244140625,849.8499755859375,841.4296875,2217516,874.1324920654297,938.9099951171875,0,0.0,NULL
2020-05-22,844.9000244140625,855.9500122070312,837.9000244140625,849.6500244140625,841.2317504882812,1955658,870.984994506836,930.7199951171875,0,0.0,NULL
2020-05-26,856.0,896.9500122070312,855.1500244140625,892.75,883.9046630859375,5625204,870.3199951171875,923.7229956054688,0,0.0,NULL
2020-05-27,884.9000244140625,890.75,868.5,885.8499755859375,877.072998046875,3925259,868.2249938964844,917.37099609375,0,0.0,NULL
2020-05-28,885.8499755859375,904.0999755859375,875.0,899.4500122070312,890.5382690429688,3441157,866.5549957275391,911.6069958496093,0,0.0,NULL
2020-05-29,895.4500122070312,898.0,875.0,890.0,881.1819458007812,4140081,864.7849945068359,907.8719958496093,0,0.0,NULL
2020-06-01,898.5,979.0,898.5,958.9000244140625,949.3993530273438,9822341,864.2274963378907,905.3629968261719,0,0.0,NULL
2020-06-02,958.9000244140625,984.0,946.3499755859375,976.1500244140625,966.4783935546875,4518557,868.4424987792969,904.6589978027343,0,0.0,NULL
2020-06-03,989.0,1005.0,979.7000122070312,984.3499755859375,974.5971069335938,4194237,873.3124969482421,904.3259973144532,0,0.0,NULL
2020-06-04,970.0999755859375,977.4500122070312,942.3499755859375,971.25,961.6268920898438,5293647,878.0524963378906,905.1359973144531,0,0.0,NULL
2020-06-05,977.0,995.0,967.0,990.9500122070312,981.1317749023438,3136137,885.1449981689453,906.8849975585938,0,0.0,NULL
2020-06-08,1009.0,1050.0,1006.0499877929688,1025.0,1014.8443603515625,7033675,894.7524993896484,909.2869970703125,0,0.0,NULL
2020-06-09,1037.0,1047.0,989.25,997.0999755859375,987.2207641601562,17283990,903.1274993896484,913.2099963378906,0,0.0,NULL
2020-06-10,997.0999755859375,1008.9500122070312,970.8499755859375,977.25,967.5675048828125,5971985,909.6674987792969,916.4329968261719,0,0.0,NULL
2020-06-11,976.0,976.0,949.0999755859375,951.25,941.8250122070312,4955842,914.2074981689453,917.8419970703125,0,0.0,NULL
2020-06-12,910.0499877929688,984.7999877929688,901.0,977.7000122070312,968.0130615234375,6968318,920.7924987792969,918.8299975585937,1,1.0,SELL
2020-06-15,979.9500122070312,986.5499877929688,945.0,948.4000244140625,939.0032958984375,3823415,925.9325012207031,919.0569982910156,1,0.0,NULL
2020-06-16,965.0,970.0,933.6500244140625,958.0499877929688,948.5576782226562,2976379,932.9700012207031,919.3449975585937,1,0.0,NULL
2020-06-17,955.0,972.8499755859375,945.75,963.0,953.4586181640625,2372940,939.7800018310547,919.9309973144532,1,0.0,NULL
2020-06-18,958.0999755859375,980.5,953.6500244140625,976.0,966.329833984375,2118941,946.1450012207031,920.7299975585937,1,0.0,NULL
2020-06-19,980.0,994.9500122070312,973.0,975.8499755859375,966.1813354492188,2817395,952.4450012207031,922.9909973144531,1,0.0,NULL
2020-06-22,979.0,988.0,968.5499877929688,979.5,969.7951049804688,1840153,958.9375,923.6319970703125,1,0.0,NULL
2020-06-23,981.5,1008.0,981.5,999.25,989.3495483398438,2929867,964.2625,925.3479968261719,1,0.0,NULL
2020-06-24,1010.0,1026.0,985.1500244140625,988.2000122070312,978.4089965820312,3451720,969.3800018310546,924.8349975585937,1,0.0,NULL
2020-06-25,985.0,994.0,973.5499877929688,977.5999755859375,967.9140014648438,2214883,973.2875,925.0499975585938,1,0.0,NULL
2020-06-26,988.0,989.9000244140625,961.9000244140625,966.2000122070312,956.626953125,2514103,977.0975006103515,925.332998046875,1,0.0,NULL
2020-06-29,964.9000244140625,971.5999755859375,935.0,957.4500122070312,947.9636840820312,3422997,977.025,924.7769982910156,1,0.0,NULL
2020-06-30,965.0,971.9500122070312,946.4000244140625,949.8499755859375,940.4389038085938,1947529,975.7099975585937,924.2639978027344,1,0.0,NULL
2020-07-01,950.0,968.5,945.0,948.2000122070312,938.8052978515625,3043306,973.9024993896485,923.717998046875,1,0.0,NULL
2020-07-02,956.9500122070312,994.0,953.0999755859375,986.4000244140625,976.6268310546875,3845200,974.6600006103515,924.7119982910157,1,0.0,NULL
2020-07-03,992.0,1008.0,986.2999877929688,1003.5,993.557373046875,3073808,975.2875,925.7539978027344,1,0.0,NULL
2020-07-06,1007.0,1019.7999877929688,995.6500244140625,1014.2000122070312,1004.1514282226562,2509450,974.7475006103516,927.7859985351563,1,0.0,NULL
2020-07-07,1015.0,1029.0,1007.0,1016.25,1006.1810302734375,3538454,975.7050018310547,929.9899987792969,1,0.0,NULL
2020-07-08,1026.0,1029.0,987.0499877929688,991.1500244140625,981.3297729492188,4272654,976.4000030517578,931.2579992675782,1,0.0,NULL
2020-07-09,995.0,1002.5,978.3499755859375,991.5999755859375,981.7752075195312,3585878,978.4175018310547,932.4329992675781,1,0.0,NULL
2020-07-10,985.0499877929688,987.0,957.4000244140625,961.8499755859375,952.3200073242188,3691688,977.625,933.1619982910156,1,0.0,NULL
2020-07-13,973.9500122070312,973.9500122070312,959.0,966.3499755859375,956.7754516601562,2760626,978.5224975585937,933.087998046875,1,0.0,NULL
2020-07-14,960.0,977.9000244140625,955.0,973.7999877929688,964.1516723632812,3642970,979.3099975585938,934.7269982910157,1,0.0,NULL
2020-07-15,979.0,985.7999877929688,963.4000244140625,967.9500122070312,958.359619140625,2366530,979.5574981689454,936.3469982910157,1,0.0,NULL
2020-07-16,968.5,972.9500122070312,941.7999877929688,961.3499755859375,951.824951171875,2914310,978.8249969482422,938.0449975585938,1,0.0,NULL
2020-07-17,960.0,1000.0,956.4500122070312,997.8499755859375,987.9633178710938,3843594,979.9249969482422,941.0199975585938,1,0.0,NULL
2020-07-20,1000.0,1012.5,986.0,1001.7000122070312,991.7752075195312,3349775,981.0349975585938,944.3969982910156,1,0.0,NULL
2020-07-21,1004.0,1017.4000244140625,999.25,1015.1500244140625,1005.0919799804688,2491480,981.8299987792968,948.1079992675782,1,0.0,NULL
2020-07-22,1020.25,1065.949951171875,1015.5999755859375,1057.699951171875,1047.2203369140625,7642553,985.3049957275391,952.332998046875,1,0.0,NULL
2020-07-23,1067.949951171875,1083.0,1051.0999755859375,1070.199951171875,1059.596435546875,6785686,989.9349945068359,956.5279968261718,1,0.0,NULL
2020-07-24,1064.800048828125,1066.0,1032.699951171875,1057.5999755859375,1047.121337890625,4407065,994.5049926757813,960.7599963378906,1,0.0,NULL
2020-07-27,1057.0,1072.5,1039.3499755859375,1042.0999755859375,1031.7750244140625,2783336,998.7374908447266,964.6899963378906,1,0.0,NULL
2020-07-28,1045.0,1054.949951171875,1028.550048828125,1052.699951171875,1042.269775390625,3129955,1003.8799896240234,969.3979956054687,1,0.0,NULL
2020-07-29,1056.800048828125,1066.75,1036.199951171875,1040.449951171875,1030.141357421875,2332468,1008.4924865722656,973.6709948730469,1,0.0,NULL
2020-07-30,1042.0,1057.699951171875,1039.949951171875,1041.8499755859375,1031.52734375,2297977,1011.2649841308594,977.533994140625,1,0.0,NULL
2020-07-31,1045.5,1051.0999755859375,1032.699951171875,1043.25,1032.91357421875,1786573,1013.2524841308593,981.4019946289062,1,0.0,NULL
2020-08-03,1047.0,1094.6500244140625,1043.0,1077.3499755859375,1070.78125,7646498,1016.4099822998047,985.9559936523438,1,0.0,NULL
2020-08-04,1088.949951171875,1089.199951171875,1065.25,1075.199951171875,1072.6268310546875,3357481,1019.3574798583984,989.6049926757812,1,0.0,NULL
2020-08-05,1083.0,1114.449951171875,1078.0,1105.449951171875,1102.804443359375,5465772,1025.072476196289,993.9969921875,1,0.0,NULL
2020-08-06,1105.449951171875,1125.0,1091.25,1120.1500244140625,1117.46923828125,4499103,1031.4999786376952,998.4109924316406,1,0.0,NULL
2020-08-07,1114.949951171875,1131.4000244140625,1086.050048828125,1091.050048828125,1088.43896484375,4553672,1037.9599822998048,1002.4319934082031,1,0.0,NULL
2020-08-10,1093.0,1114.5999755859375,1084.0,1107.550048828125,1104.8995361328125,5185798,1045.019985961914,1005.4049938964844,1,0.0,NULL
2020-08-11,1074.0,1087.699951171875,1048.5999755859375,1066.25,1063.6982421875,11189277,1049.6424865722656,1007.2069934082032,1,0.0,NULL
2020-08-12,1068.0,1076.9000244140625,1048.550048828125,1056.3499755859375,1053.8218994140625,6260227,1054.062484741211,1008.6469934082031,1,0.0,NULL
2020-08-13,1064.050048828125,1103.1500244140625,1062.0,1097.6500244140625,1095.023193359375,5476727,1060.8774871826172,1011.1749938964844,1,0.0,NULL
2020-08-14,1097.6500244140625,1119.0,1090.050048828125,1104.1500244140625,1101.507568359375,4149195,1066.1924896240234,1013.438994140625,1,0.0,NULL
2020-08-17,1113.0,1126.199951171875,1106.0,1123.8499755859375,1121.160400390625,3033448,1072.2999877929688,1015.4159936523438,1,0.0,NULL
2020-08-18,1128.949951171875,1151.800048828125,1125.0999755859375,1145.550048828125,1142.80859375,4134374,1078.8199890136718,1018.3849951171875,1,0.0,NULL
2020-08-19,1158.8499755859375,1159.0,1145.0,1148.4000244140625,1145.6517333984375,2570066,1083.3549926757812,1021.8079956054687,1,0.0,NULL
2020-08-20,1130.050048828125,1138.4000244140625,1118.800048828125,1125.699951171875,1123.0059814453125,2727302,1086.1299926757813,1025.2969946289063,1,0.0,NULL
2020-08-21,1137.699951171875,1143.800048828125,1129.0999755859375,1138.0999755859375,1135.3763427734375,2181243,1090.1549926757812,1028.5049938964844,1,0.0,NULL
2020-08-24,1140.0,1146.75,1124.0,1126.6500244140625,1123.9537353515625,2122417,1094.3824951171875,1032.0699938964844,1,0.0,NULL
2020-08-25,1131.0,1139.0,1122.9000244140625,1136.5,1133.7801513671875,1465877,1098.5724975585938,1035.638994140625,1,0.0,NULL
2020-08-26,1139.699951171875,1150.0,1127.1500244140625,1134.199951171875,1131.485595703125,2009966,1103.2599975585938,1039.0629931640624,1,0.0,NULL
2020-08-27,1140.0,1148.5,1127.0,1137.6500244140625,1134.9273681640625,1459135,1108.05,1042.2959936523437,1,0.0,NULL
2020-08-28,1148.25,1148.25,1131.5999755859375,1134.0999755859375,1131.3858642578125,1628956,1112.5924987792969,1045.4609936523439,1,0.0,NULL
2020-08-31,1131.0,1153.0,1086.0,1100.5,1097.8663330078125,3373546,1113.75,1047.8809936523437,1,0.0,NULL
2020-09-01,1105.0,1129.6500244140625,1095.6500244140625,1120.050048828125,1117.3695068359375,2043953,1115.9925048828125,1050.2969946289063,1,0.0,NULL
2020-09-02,1116.949951171875,1124.6500244140625,1102.5999755859375,1121.300048828125,1118.6165771484375,1919880,1116.785009765625,1052.958995361328,1,0.0,NULL
2020-09-03,1121.300048828125,1191.5999755859375,1121.300048828125,1185.300048828125,1182.46337890625,5945052,1120.0425109863281,1057.1129968261719,1,0.0,NULL
2020-09-04,1161.5999755859375,1198.050048828125,1155.0,1159.25,1156.4757080078125,3490945,1123.4525085449218,1060.9739965820313,1,0.0,NULL
2020-09-07,1164.0,1176.449951171875,1149.300048828125,1167.699951171875,1164.9053955078125,2166322,1126.4600036621093,1065.1789953613281,1,0.0,NULL
2020-09-08,1167.699951171875,1174.0999755859375,1154.5999755859375,1162.550048828125,1159.767822265625,1994062,1131.2750061035156,1069.4329968261718,1,0.0,NULL
2020-09-09,1156.9000244140625,1171.800048828125,1148.300048828125,1161.0999755859375,1158.3212890625,1918422,1136.5125061035155,1073.69099609375,1,0.0,NULL
2020-09-10,1165.0,1165.8499755859375,1138.75,1155.25,1152.4852294921875,1841208,1139.3925048828125,1077.0679956054687,1,0.0,NULL
2020-09-11,1156.0,1194.0,1155.0,1167.75,1164.955322265625,5572098,1142.5725036621093,1080.3529956054688,1,0.0,NULL
2020-09-14,1168.5,1191.5999755859375,1167.949951171875,1188.0,1185.1568603515625,2019325,1145.7800048828126,1083.8289953613282,1,0.0,NULL
2020-09-15,1194.800048828125,1220.0,1170.1500244140625,1174.550048828125,1171.7391357421875,5204233,1147.2300048828124,1086.9949963378906,1,0.0,NULL
2020-09-16,1180.0,1189.0,1164.699951171875,1181.699951171875,1178.8719482421875,2463561,1148.895001220703,1090.805994873047,1,0.0,NULL
2020-09-17,1174.949951171875,1191.550048828125,1168.050048828125,1182.4000244140625,1179.5703125,2019300,1151.7300048828124,1094.6219958496094,1,0.0,NULL
2020-09-18,1185.0,1201.5,1157.3499755859375,1163.5999755859375,1160.8153076171875,2575064,1153.0050048828125,1098.6569958496093,1,0.0,NULL
2020-09-21,1163.5999755859375,1171.800048828125,1115.050048828125,1119.9000244140625,1117.2198486328125,2666086,1152.6675048828124,1101.7279968261719,1,0.0,NULL
2020-09-22,1120.0,1127.5,1093.1500244140625,1104.449951171875,1101.8067626953125,2000953,1151.0650024414062,1104.34099609375,1,0.0,NULL
2020-09-23,1107.5,1121.949951171875,1103.0,1117.199951171875,1114.5262451171875,2068183,1150.2150024414063,1107.325994873047,1,0.0,NULL
2020-09-24,1113.0,1113.9000244140625,1076.0,1096.1500244140625,1093.5267333984375,2356296,1148.1400024414063,1110.0219958496093,1,0.0,NULL
2020-09-25,1097.550048828125,1115.0,1081.25,1109.3499755859375,1106.695068359375,2275740,1146.9025024414063,1112.2519958496093,1,0.0,NULL
2020-09-28,1119.0,1143.949951171875,1108.3499755859375,1138.75,1136.0247802734375,2509616,1148.8150024414062,1114.9929956054686,1,0.0,NULL
2020-09-29,1145.0,1174.1500244140625,1139.3499755859375,1167.300048828125,1164.5064697265625,3586518,1151.1775024414062,1118.03599609375,1,0.0,NULL
2020-09-30,1173.0,1205.0,1163.25,1201.3499755859375,1198.4749755859375,3635996,1155.179998779297,1120.9089965820312,1,0.0,NULL
2020-10-01,1203.5999755859375,1211.0,1182.0,1198.6500244140625,1195.7813720703125,2990243,1155.8474975585937,1123.477998046875,1,0.0,NULL
2020-10-05,1201.0,1216.0,1188.699951171875,1194.3499755859375,1191.49169921875,2151235,1157.6024963378907,1126.212998046875,1,0.0,NULL
2020-10-06,1204.0,1215.949951171875,1192.0,1199.949951171875,1197.0782470703125,2087249,1159.2149963378906,1129.3699975585937,1,0.0,NULL
2020-10-07,1205.0,1268.0,1200.449951171875,1254.0,1250.9989013671875,9411156,1163.7874938964844,1133.3959985351562,1,0.0,NULL
2020-10-08,1257.0,1262.550048828125,1233.5999755859375,1254.1500244140625,1251.1485595703125,3144780,1168.4399963378905,1137.67,1,0.0,NULL
2020-10-09,1254.1500244140625,1269.0,1247.5,1255.199951171875,1252.196044921875,1873176,1173.4374938964843,1141.9369995117188,1,0.0,NULL
2020-10-12,1260.199951171875,1261.3499755859375,1236.0,1256.75,1253.7423095703125,2009418,1177.8874938964843,1146.2069995117188,1,0.0,NULL
2020-10-13,1257.550048828125,1281.9000244140625,1223.6500244140625,1228.8499755859375,1225.9090576171875,4735253,1179.9299926757812,1149.2369995117188,1,0.0,NULL
2020-10-14,1224.3499755859375,1248.949951171875,1218.550048828125,1223.449951171875,1220.52197265625,4096708,1182.3749877929688,1152.2019995117187,1,0.0,NULL
2020-10-15,1222.9000244140625,1237.550048828125,1210.0,1213.5999755859375,1210.695556640625,2727327,1183.969989013672,1154.365,1,0.0,NULL
2020-10-16,1216.050048828125,1240.050048828125,1216.0,1223.1500244140625,1220.2227783203125,2772602,1186.0074890136718,1156.425,1,0.0,NULL
2020-10-19,1225.0999755859375,1234.5999755859375,1213.0999755859375,1228.800048828125,1225.8592529296875,1606979,1189.2674926757813,1159.18,1,0.0,NULL
2020-10-20,1230.0,1245.550048828125,1217.0999755859375,1233.5,1230.5479736328125,2841242,1194.947491455078,1161.6989990234374,1,0.0,NULL
2020-10-21,1241.0,1256.550048828125,1229.0,1244.699951171875,1241.72119140625,2687516,1201.9599914550781,1165.267998046875,1,0.0,NULL
2020-10-22,1240.1500244140625,1253.0,1220.0,1229.449951171875,1226.5076904296875,1973416,1207.572491455078,1168.7299975585938,1,0.0,NULL
2020-10-23,1235.0,1247.800048828125,1231.199951171875,1241.699951171875,1238.728271484375,1527141,1214.8499877929687,1171.61099609375,1,0.0,NULL
2020-10-26,1250.0,1250.0,1210.5,1215.5,1212.591064453125,1425518,1220.157489013672,1173.8379956054687,1,0.0,NULL
2020-10-27,1219.0,1237.0,1213.550048828125,1231.800048828125,1228.8521728515625,1778338,1224.809991455078,1175.9969970703125,1,0.0,NULL
2020-10-28,1231.800048828125,1241.0,1185.3499755859375,1217.0,1214.0875244140625,4810354,1227.294989013672,1177.42599609375,1,0.0,NULL
2020-10-29,1201.0,1201.0,1155.550048828125,1178.199951171875,1175.3802490234375,5274120,1226.1374877929688,1178.0219946289062,1,0.0,NULL
2020-10-30,1176.4000244140625,1187.800048828125,1159.0999755859375,1165.75,1162.9600830078125,2275592,1224.4924865722655,1178.8229956054688,1,0.0,NULL
2020-11-02,1167.5,1182.0,1154.0,1168.5,1165.70361328125,2502801,1223.1999877929688,1179.43099609375,1,0.0,NULL
2020-11-03,1178.0,1205.300048828125,1174.800048828125,1199.949951171875,1197.0782470703125,2079628,1223.1999877929688,1180.8969946289062,1,0.0,NULL
2020-11-04,1199.949951171875,1217.9000244140625,1192.699951171875,1215.6500244140625,1212.74072265625,2043263,1221.282489013672,1182.4799951171874,1,0.0,NULL
2020-11-05,1224.1500244140625,1253.8499755859375,1210.25,1242.0999755859375,1239.12744140625,2215527,1220.6799865722655,1184.6379956054689,1,0.0,NULL
2020-11-06,1242.0999755859375,1265.8499755859375,1239.0,1253.5,1250.5001220703125,2546487,1220.594989013672,1186.9549951171875,1,0.0,NULL
2020-11-09,1265.4000244140625,1287.699951171875,1252.449951171875,1285.050048828125,1281.9747314453125,1840061,1222.009991455078,1189.9739965820313,1,0.0,NULL
2020-11-10,1286.0,1312.0,1274.3499755859375,1305.4000244140625,1302.2760009765625,2898878,1225.8374938964844,1194.0719970703126,1,0.0,NULL
2020-11-11,1309.9000244140625,1318.699951171875,1263.699951171875,1274.699951171875,1271.6494140625,2872916,1228.3999938964844,1197.1649951171876,1,0.0,NULL
2020-11-12,1286.949951171875,1296.0,1267.0,1278.0999755859375,1275.041259765625,3650248,1231.6249938964843,1200.3009936523438,1,0.0,NULL
2020-11-13,1297.0,1304.0,1278.449951171875,1288.449951171875,1285.366455078125,3107920,1234.889990234375,1202.3639916992188,1,0.0,NULL
2020-11-14,1295.0,1297.9000244140625,1279.0999755859375,1286.800048828125,1283.720458984375,288198,1237.789990234375,1204.9149926757811,1,0.0,NULL
2020-11-17,1297.0,1304.800048828125,1277.300048828125,1301.949951171875,1298.8341064453125,2185705,1241.2124877929687,1207.5999926757813,1,0.0,NULL
2020-11-18,1301.949951171875,1303.0,1267.0,1280.0999755859375,1277.0364990234375,2934467,1242.982489013672,1209.9509912109374,1,0.0,NULL
2020-11-19,1278.550048828125,1345.5999755859375,1270.050048828125,1292.449951171875,1289.35693359375,6942825,1246.1324890136718,1212.5779907226563,1,0.0,NULL
2020-11-20,1295.949951171875,1371.300048828125,1295.5999755859375,1365.1500244140625,1361.8829345703125,10421957,1252.3049926757812,1216.7759912109375,1,0.0,NULL
2020-11-23,1375.0,1375.0,1332.0,1347.5999755859375,1344.3748779296875,2995116,1258.9099914550782,1220.3729907226561,1,0.0,NULL
2020-11-24,1347.5999755859375,1364.449951171875,1323.25,1327.1500244140625,1323.973876953125,2876893,1263.677490234375,1223.1559912109376,1,0.0,NULL
2020-11-25,1331.0,1345.0,1300.3499755859375,1306.949951171875,1303.8221435546875,3417818,1268.1749877929688,1225.8039892578124,1,0.0,NULL
2020-11-26,1316.949951171875,1333.0,1308.1500244140625,1327.4000244140625,1324.2232666015625,2819881,1275.634991455078,1228.7179907226562,1,0.0,NULL
2020-11-27,1333.0,1368.4000244140625,1313.550048828125,1361.199951171875,1357.9423828125,5497388,1285.407489013672,1232.2939892578124,1,0.0,NULL
2020-12-01,1383.0,1386.4000244140625,1335.0,1341.0999755859375,1337.8905029296875,2881906,1294.0374877929687,1235.8439892578126,1,0.0,NULL
2020-12-02,1347.949951171875,1392.050048828125,1343.5,1389.0,1385.6759033203125,2969071,1303.489990234375,1241.2259887695313,1,0.0,NULL
2020-12-03,1398.9000244140625,1424.0,1386.050048828125,1418.5,1415.105224609375,3939085,1313.6324890136718,1247.5069897460937,1,0.0,NULL
2020-12-04,1418.5,1440.550048828125,1413.699951171875,1437.1500244140625,1433.710693359375,2229459,1323.384991455078,1253.9059912109376,1,0.0,NULL
2020-12-07,1436.0,1436.0,1418.0,1425.300048828125,1421.8890380859375,1430365,1331.9749938964844,1260.4889916992188,1,0.0,NULL
2020-12-08,1425.300048828125,1435.6500244140625,1412.3499755859375,1427.8499755859375,1424.432861328125,1666175,1339.114990234375,1266.8589916992187,1,0.0,NULL
2020-12-09,1430.0,1435.0,1417.550048828125,1426.1500244140625,1422.7369384765625,1579066,1345.152490234375,1272.6069921875,1,0.0,NULL
2020-12-10,1428.0,1445.0,1415.550048828125,1424.199951171875,1420.7916259765625,2588422,1352.627490234375,1277.744990234375,1,0.0,NULL
2020-12-11,1427.5,1449.8499755859375,1423.0,1442.4000244140625,1438.9481201171875,1398271,1360.8424926757812,1282.5659912109375,1,0.0,NULL
2020-12-14,1451.0,1469.5,1445.0,1463.449951171875,1459.9476318359375,2453825,1369.5924926757812,1287.8619897460937,1,0.0,NULL
2020-12-15,1460.5,1476.0,1449.300048828125,1468.75,1465.2349853515625,2035503,1378.689990234375,1293.349990234375,1,0.0,NULL
2020-12-16,1477.0,1510.0,1469.199951171875,1504.449951171875,1500.8494873046875,2638988,1388.814990234375,1299.439990234375,1,0.0,NULL
2020-12-17,1495.1500244140625,1520.0,1492.300048828125,1501.949951171875,1498.35546875,1951230,1399.907489013672,1304.3989892578124,1,0.0,NULL
2020-12-18,1502.0,1525.0,1497.0999755859375,1519.3499755859375,1515.7138671875,3299825,1411.252490234375,1309.70298828125,1,0.0,NULL
2020-12-21,1514.199951171875,1528.550048828125,1451.0,1471.6500244140625,1468.1280517578125,2298069,1416.577490234375,1314.0319897460938,1,0.0,NULL
2020-12-22,1466.0,1510.0,1451.199951171875,1498.800048828125,1495.213134765625,3305444,1424.1374938964843,1318.8729907226561,1,0.0,NULL
2020-12-23,1504.699951171875,1519.800048828125,1478.050048828125,1490.8499755859375,1487.2821044921875,2847742,1432.322491455078,1324.1129907226561,1,0.0,NULL
2020-12-24,1520.0,1520.0,1486.0,1495.9000244140625,1492.320068359375,1947894,1441.7699951171876,1329.5619921875,1,0.0,NULL
2020-12-28,1503.300048828125,1547.6500244140625,1496.1500244140625,1543.550048828125,1539.8560791015625,2497242,1452.5774963378906,1336.1609936523437,1,0.0,NULL
2020-12-29,1554.0,1556.8499755859375,1528.449951171875,1540.0999755859375,1536.4141845703125,2081338,1461.5224975585938,1342.4999926757812,1,0.0,NULL
2020-12-30,1548.0,1555.699951171875,1533.300048828125,1552.5999755859375,1548.88427734375,1151230,1472.0974975585937,1348.9759912109375,1,0.0,NULL
2020-12-31,1549.0,1571.0,1544.199951171875,1567.1500244140625,1563.3995361328125,2031709,1481.0049987792968,1355.6489916992186,1,0.0,NULL
2021-01-01,1562.0999755859375,1573.0,1555.949951171875,1558.5999755859375,1554.8699951171875,1003018,1488.0099975585938,1361.9269921875,1,0.0,NULL
2021-01-04,1566.0,1567.0,1538.0,1550.9000244140625,1547.1884765625,1383979,1493.6974975585938,1368.3559936523438,1,0.0,NULL
2021-01-05,1545.0,1576.8499755859375,1541.5,1570.949951171875,1567.1904296875,1351709,1500.9799926757812,1374.9409936523436,1,0.0,NULL
2021-01-06,1578.0,1621.3499755859375,1561.8499755859375,1572.5999755859375,1568.83642578125,3312171,1508.2174926757812,1382.0829931640626,1,0.0,NULL
2021-01-07,1570.0,1570.0,1535.0,1542.3499755859375,1538.6588134765625,2820445,1514.027490234375,1388.2939916992189,1,0.0,NULL
2021-01-08,1547.9000244140625,1555.300048828125,1521.5,1548.5999755859375,1544.8939208984375,3478504,1520.247491455078,1394.9259912109376,1,0.0,NULL
2021-01-11,1560.0,1572.0,1545.699951171875,1563.9000244140625,1560.1573486328125,1425529,1526.322491455078,1402.6399926757813,1,0.0,NULL
2021-01-12,1560.0,1560.800048828125,1524.0,1527.0999755859375,1523.4453125,2550741,1529.5049926757813,1409.8669921875,1,0.0,NULL
2021-01-13,1530.0,1536.0,1495.0,1505.800048828125,1502.1964111328125,3527208,1531.3574951171875,1416.6129931640626,1,0.0,NULL
2021-01-14,1508.0,1517.8499755859375,1480.050048828125,1489.949951171875,1486.38427734375,2814477,1530.6324951171875,1422.4129931640625,1,0.0,NULL
2021-01-15,1489.949951171875,1509.0,1471.300048828125,1477.25,1473.7147216796875,1725346,1529.3974975585938,1427.6449926757812,1,0.0,NULL
2021-01-18,1467.0,1509.0,1460.0,1503.550048828125,1499.9517822265625,2302268,1528.6075012207032,1432.873994140625,1,0.0,NULL
2021-01-19,1518.0,1524.0,1501.0,1519.9000244140625,1516.2625732421875,2279346,1531.020001220703,1438.2019946289063,1,0.0,NULL
2021-01-20,1519.9000244140625,1541.0,1519.9000244140625,1531.300048828125,1527.6353759765625,1838240,1532.645001220703,1443.1269946289062,1,0.0,NULL
2021-01-21,1533.0999755859375,1549.8499755859375,1512.050048828125,1517.300048828125,1513.6688232421875,1558030,1533.9675048828126,1447.3649951171874,1,0.0,NULL
2021-01-22,1522.0,1534.699951171875,1487.0,1491.199951171875,1487.6312255859375,1364197,1533.7325012207032,1451.6949951171875,1,0.0,NULL
2021-01-25,1505.050048828125,1512.800048828125,1478.75,1499.8499755859375,1496.260498046875,1604484,1531.5474975585937,1456.1299951171875,1,0.0,NULL
2021-01-27,1505.0,1505.0,1432.0,1440.699951171875,1437.2520751953125,2021747,1526.5774963378906,1459.1749951171876,1,0.0,NULL
2021-01-28,1420.0,1454.449951171875,1415.6500244140625,1450.0999755859375,1446.629638671875,1850239,1521.4524963378906,1462.4409936523436,1,0.0,NULL
2021-01-29,1456.0,1469.25,1415.25,1420.300048828125,1416.9010009765625,2435997,1514.1099975585937,1464.8079956054687,1,0.0,NULL
2021-02-01,1437.800048828125,1508.550048828125,1423.6500244140625,1501.550048828125,1497.95654296875,2215933,1511.257501220703,1469.2369970703126,1,0.0,NULL
2021-02-02,1515.0,1536.0,1482.0,1485.449951171875,1481.89501953125,1974202,1507.9849975585937,1473.0969970703125,1,0.0,NULL
2021-02-03,1492.0,1529.0,1492.0,1525.1500244140625,1521.5,1853072,1505.695001220703,1476.2969970703125,1,0.0,NULL
2021-02-04,1530.0,1540.0,1488.0999755859375,1513.5999755859375,1509.9776611328125,2728965,1502.7450012207032,1479.6169970703124,1,0.0,NULL
2021-02-05,1518.550048828125,1538.949951171875,1504.5,1509.449951171875,1505.8375244140625,1344007,1501.1,1483.2629956054689,1,0.0,NULL
2021-02-08,1514.0,1564.8499755859375,1510.050048828125,1541.699951171875,1538.0103759765625,2683198,1500.7549987792968,1487.9579956054688,1,0.0,NULL
2021-02-09,1548.0,1584.6500244140625,1543.050048828125,1559.9000244140625,1556.1668701171875,2364475,1500.554998779297,1492.6079956054687,1,0.0,NULL
2021-02-10,1575.4000244140625,1588.0,1526.0,1563.1500244140625,1559.4090576171875,2125469,1502.3575012207032,1496.6469970703124,1,0.0,NULL
2021-02-11,1552.0,1575.9000244140625,1511.25,1524.699951171875,1521.051025390625,5970196,1503.3024963378907,1500.3189965820313,1,0.0,NULL
2021-02-12,1536.699951171875,1536.699951171875,1491.0,1494.199951171875,1490.6240234375,3284441,1503.5149963378906,1502.4229956054687,1,0.0,NULL
2021-02-15,1506.0,1518.5,1476.75,1484.75,1481.19677734375,3156535,1503.8899963378906,1503.7479956054688,1,0.0,NULL
2021-02-16,1492.1500244140625,1505.0,1461.0,1471.8499755859375,1468.3275146484375,3090249,1502.3049926757812,1504.4419946289063,0,-1.0,NULL
2021-02-17,1469.4000244140625,1483.0,1449.5,1460.4000244140625,1456.905029296875,2096959,1499.3299926757813,1505.143994140625,0,0.0,NULL
2021-02-18,1465.0999755859375,1471.9000244140625,1429.0,1433.0,1429.570556640625,2686046,1494.414990234375,1505.2469946289064,0,0.0,NULL
2021-02-19,1434.0,1444.9000244140625,1412.800048828125,1425.550048828125,1422.138427734375,2543997,1489.827490234375,1505.2349951171875,0,0.0,NULL
2021-02-22,1425.0,1433.0999755859375,1396.0,1405.25,1401.886962890625,1931189,1485.5299926757812,1504.85599609375,0,0.0,NULL
2021-02-23,1415.0,1436.949951171875,1400.1500244140625,1424.050048828125,1420.64208984375,1871135,1481.7399963378907,1504.4889965820312,0,0.0,NULL
2021-02-24,1424.050048828125,1474.0,1424.050048828125,1451.8499755859375,1448.37548828125,1143204,1482.2974975585937,1504.2569970703125,0,0.0,NULL
2021-02-25,1460.0,1462.949951171875,1430.5,1434.449951171875,1431.01708984375,1967386,1481.5149963378906,1503.57099609375,0,0.0,NULL
2021-02-26,1420.0,1431.949951171875,1403.0999755859375,1406.9000244140625,1403.5330810546875,2715597,1480.8449951171874,1501.6199975585937,0,0.0,NULL
2021-03-01,1421.5,1466.0,1416.5999755859375,1452.1500244140625,1448.6748046875,1962042,1478.3749938964843,1500.6239990234376,0,0.0,NULL
2021-03-02,1469.0,1474.0,1450.0,1471.1500244140625,1467.6292724609375,1293306,1477.6599975585937,1499.66,0,0.0,NULL
2021-03-03,1472.0,1481.6500244140625,1466.1500244140625,1474.5999755859375,1471.0709228515625,1227772,1475.1324951171875,1499.7189990234374,0,0.0,NULL
2021-03-04,1452.0,1487.6500244140625,1450.550048828125,1470.5,1466.9808349609375,1822476,1472.9774963378907,1499.152998046875,0,0.0,NULL
2021-03-05,1465.0,1493.0,1462.199951171875,1474.199951171875,1470.671875,1954113,1471.2149963378906,1498.8199975585937,0,0.0,NULL
2021-03-08,1475.0,1481.25,1451.0,1456.75,1453.263671875,1060584,1466.9674987792969,1498.0369970703125,0,0.0,NULL
2021-03-09,1470.0,1478.9000244140625,1445.0,1456.9000244140625,1453.4134521484375,941590,1461.8174987792968,1496.3039965820312,0,0.0,NULL
2021-03-10,1470.0,1481.0,1463.0,1471.25,1467.72900390625,1257628,1457.2224975585937,1494.9269970703126,0,0.0,NULL
2021-03-12,1480.0,1507.800048828125,1478.5,1482.5,1478.9521484375,2631081,1455.1125,1493.5249975585937,0,0.0,NULL
2021-03-15,1496.9000244140625,1496.9000244140625,1471.0,1492.199951171875,1488.6287841796875,1482287,1455.0125,1492.02599609375,0,0.0,NULL
2021-03-16,1505.0,1531.0,1496.9000244140625,1500.949951171875,1497.35791015625,3191850,1455.8224975585938,1490.8729956054688,0,0.0,NULL
2021-03-17,1494.25,1499.550048828125,1470.050048828125,1472.550048828125,1469.0260009765625,1195023,1455.8575012207032,1489.30599609375,0,0.0,NULL
2021-03-18,1485.5999755859375,1492.9000244140625,1463.0,1468.199951171875,1464.686279296875,1242978,1456.2474975585938,1487.25099609375,0,0.0,NULL
2021-03-19,1450.0,1470.8499755859375,1432.050048828125,1465.449951171875,1461.94287109375,2360672,1457.8699951171875,1485.1079956054687,0,0.0,NULL
2021-03-22,1465.0,1468.6500244140625,1448.0,1460.300048828125,1456.8052978515625,1331121,1459.6074951171875,1483.4669970703126,0,0.0,NULL
2021-03-23,1460.300048828125,1514.800048828125,1454.0,1495.3499755859375,1491.7713623046875,2534795,1464.1124938964845,1482.4019970703125,0,0.0,NULL
2021-03-24,1486.0,1508.800048828125,1476.449951171875,1488.1500244140625,1484.588623046875,1871092,1467.3174926757813,1480.8869970703124,0,0.0,NULL
2021-03-25,1484.0999755859375,1498.5,1447.75,1450.8499755859375,1447.3778076171875,1609996,1467.2674926757813,1479.3619970703126,0,0.0,NULL
2021-03-26,1459.9000244140625,1512.4000244140625,1457.0,1505.8499755859375,1502.2462158203125,1922278,1470.8374938964844,1479.3629956054688,0,0.0,NULL
2021-03-30,1510.0,1563.0,1510.0,1552.199951171875,1548.4852294921875,3466042,1478.102490234375,1480.6079956054687,0,0.0,NULL
2021-03-31,1549.9000244140625,1567.4000244140625,1536.75,1558.050048828125,1554.3212890625,1431746,1483.3974914550781,1482.2239965820313,1,1.0,SELL
2021-04-01,1560.0,1593.300048828125,1551.550048828125,1559.3499755859375,1555.6181640625,1343989,1487.8074890136718,1483.3399951171875,1,0.0,NULL
2021-04-05,1541.0999755859375,1559.0,1500.0,1535.0,1531.326416015625,1376233,1490.827490234375,1483.6419946289063,1,0.0,NULL
2021-04-06,1529.5,1548.0,1509.0,1525.5,1521.8492431640625,1400544,1493.577490234375,1483.5259936523437,1,0.0,NULL
2021-04-07,1522.0999755859375,1561.449951171875,1508.0,1514.0999755859375,1510.4764404296875,2592185,1495.572491455078,1483.4619921875,1,0.0,NULL
2021-04-08,1529.25,1579.0,1525.5,1571.300048828125,1567.5396728515625,2085919,1501.2999938964845,1485.063994140625,1,0.0,NULL
2021-04-09,1569.9000244140625,1618.0,1561.300048828125,1592.0,1588.1900634765625,3569146,1508.0549926757812,1486.9069946289062,1,0.0,NULL
2021-04-12,1571.0,1572.6500244140625,1502.25,1510.449951171875,1506.835205078125,1889829,1510.014990234375,1488.3019946289062,1,0.0,NULL
2021-04-13,1528.5999755859375,1553.300048828125,1516.6500244140625,1530.5999755859375,1526.93701171875,1880575,1512.419989013672,1489.9119946289063,1,0.0,NULL
2021-04-15,1545.0,1554.5,1515.550048828125,1538.550048828125,1534.8680419921875,1313429,1514.7374938964845,1492.2769946289063,1,0.0,NULL
2021-04-16,1529.800048828125,1559.800048828125,1529.800048828125,1549.050048828125,1545.3428955078125,1501276,1517.1424987792968,1493.2269946289061,1,0.0,NULL
2021-04-19,1525.0,1532.449951171875,1500.0999755859375,1518.699951171875,1515.0654296875,1439975,1519.4499938964843,1493.8919946289063,1,0.0,NULL
2021-04-20,1524.199951171875,1560.0,1510.0,1522.9000244140625,1519.2554931640625,1789104,1522.1849975585938,1493.8469946289063,1,0.0,NULL
2021-04-22,1530.0,1530.0,1473.1500244140625,1480.8499755859375,1477.3060302734375,2200432,1522.9549987792968,1493.1919946289063,1,0.0,NULL
2021-04-23,1478.0,1496.9000244140625,1451.5999755859375,1461.449951171875,1457.952392578125,1726070,1523.0124938964843,1492.2319946289062,1,0.0,NULL
2021-04-26,1470.0,1489.75,1465.1500244140625,1479.8499755859375,1476.3084716796875,1020499,1522.2374938964845,1490.9949951171875,1,0.0,NULL
2021-04-27,1485.0,1503.550048828125,1482.0,1495.0999755859375,1491.52197265625,1145908,1522.5849914550781,1489.698994140625,1,0.0,NULL
2021-04-28,1505.0,1514.9000244140625,1491.699951171875,1508.8499755859375,1505.239013671875,1037771,1525.4849914550782,1488.6129931640626,1,0.0,NULL
2021-04-29,1524.0,1527.5,1497.0,1506.800048828125,1503.1939697265625,1927546,1525.5324951171874,1488.2549951171875,1,0.0,NULL
2021-04-30,1500.0,1516.550048828125,1471.0,1491.6500244140625,1488.0802001953125,3691399,1522.5049987792968,1488.2039965820313,1,0.0,NULL
2021-05-03,1477.0,1477.0,1421.0,1423.949951171875,1420.5421142578125,3945733,1515.7999938964845,1486.9879956054688,1,0.0,NULL
2021-05-04,1434.0,1434.0,1400.050048828125,1402.9000244140625,1399.5426025390625,3194977,1507.9774963378907,1485.6089965820313,1,0.0,NULL
2021-05-05,1406.0,1431.9000244140625,1403.4000244140625,1428.4000244140625,1424.9815673828125,1819256,1502.6474975585938,1484.9689965820312,1,0.0,NULL
2021-05-06,1435.800048828125,1448.449951171875,1431.0,1444.4000244140625,1440.943359375,1464006,1498.5924987792969,1485.1969970703126,1,0.0,NULL
2021-05-07,1449.0,1459.25,1439.9000244140625,1446.5,1443.0382080078125,1190019,1495.2125,1485.61599609375,1,0.0,NULL
2021-05-10,1454.4000244140625,1469.75,1445.0,1455.1500244140625,1451.6676025390625,1322561,1489.4049987792969,1486.6139965820312,1,0.0,NULL
2021-05-11,1439.0999755859375,1457.949951171875,1432.0,1435.25,1431.815185546875,1582827,1481.5674987792968,1486.8379956054687,0,-1.0,NULL
2021-05-12,1431.0,1460.0,1425.8499755859375,1454.949951171875,1451.468017578125,1358169,1478.792498779297,1486.8999951171875,0,0.0,NULL
2021-05-14,1469.0,1477.800048828125,1433.0,1455.8499755859375,1452.3658447265625,1876873,1475.054998779297,1487.3279956054687,0,0.0,NULL
2021-05-17,1462.0,1470.800048828125,1438.0,1468.300048828125,1464.7861328125,2218758,1471.542498779297,1488.55599609375,0,0.0,NULL
2021-05-18,1480.0,1547.0999755859375,1476.25,1539.25,1535.5662841796875,3075596,1471.0524963378907,1490.2979956054687,0,0.0,NULL
2021-05-19,1522.25,1553.9000244140625,1516.800048828125,1521.1500244140625,1517.5096435546875,1504440,1471.175,1491.2979956054687,0,0.0,NULL
2021-05-20,1523.0,1566.25,1522.5,1531.3499755859375,1527.6851806640625,3032029,1471.5974975585937,1492.4329956054687,0,0.0,NULL
2021-05-21,1552.199951171875,1552.8499755859375,1533.550048828125,1538.3499755859375,1534.66845703125,1158893,1474.4724975585937,1493.7899951171876,0,0.0,NULL
2021-05-24,1532.1500244140625,1535.0,1505.449951171875,1520.75,1517.110595703125,1126532,1477.4375,1494.72099609375,0,0.0,NULL
2021-05-25,1536.0,1574.9000244140625,1535.0,1569.1500244140625,1565.394775390625,2530758,1481.9025024414063,1496.9689965820312,0,0.0,NULL
2021-05-26,1580.0,1614.0,1576.6500244140625,1582.949951171875,1579.16162109375,3839248,1486.2950012207032,1499.4899951171874,0,0.0,NULL
2021-05-27,1590.699951171875,1606.949951171875,1567.3499755859375,1594.25,1590.4346923828125,2810155,1490.5650024414062,1501.9499951171874,0,0.0,NULL
2021-05-28,1595.0,1612.25,1570.550048828125,1577.0,1573.2259521484375,1028675,1494.075,1503.8399951171875,0,0.0,NULL
2021-05-31,1570.6500244140625,1608.25,1569.0,1596.25,1592.429931640625,1525715,1499.304998779297,1505.92099609375,0,0.0,NULL
2021-06-01,1608.0,1612.0,1589.300048828125,1591.4000244140625,1587.591552734375,1111933,1507.6775024414062,1507.7299975585938,0,0.0,NULL
2021-06-02,1581.0,1596.75,1564.199951171875,1585.699951171875,1581.905029296875,1859258,1516.8174987792968,1509.9929956054686,1,1.0,SELL
2021-06-03,1601.0,1702.300048828125,1588.550048828125,1691.199951171875,1687.152587890625,7221910,1529.9574951171876,1514.4529956054687,1,0.0,NULL
2021-06-04,1713.800048828125,1713.800048828125,1665.5,1679.5,1675.4805908203125,2952017,1541.7124938964844,1518.7339965820313,1,0.0,NULL
2021-06-07,1685.8499755859375,1713.8499755859375,1676.0,1685.0999755859375,1681.0672607421875,1471576,1553.6424926757813,1523.2299951171874,1,0.0,NULL
2021-06-08,1686.0,1726.0,1674.199951171875,1712.5,1708.401611328125,1743285,1566.509991455078,1527.5729956054688,1,0.0,NULL
2021-06-09,1714.949951171875,1739.9000244140625,1696.1500244140625,1730.75,1726.6080322265625,2551140,1581.2849914550782,1532.4249951171876,1,0.0,NULL
2021-06-10,1741.4000244140625,1745.8499755859375,1722.199951171875,1738.6500244140625,1734.4891357421875,1850763,1595.4699951171874,1538.18099609375,1,0.0,NULL
2021-06-11,1736.550048828125,1743.0,1724.550048828125,1728.449951171875,1724.3134765625,761647,1609.0999938964844,1542.6329956054688,1,0.0,NULL
2021-06-14,1728.449951171875,1740.0,1713.0,1734.800048828125,1730.6483154296875,887780,1622.4249938964845,1546.2849975585937,1,0.0,NULL
2021-06-15,1748.0,1748.949951171875,1719.5999755859375,1723.4000244140625,1719.275634765625,868275,1631.6324951171875,1549.5919970703126,1,0.0,NULL
2021-06-16,1724.0,1729.0,1706.5,1714.949951171875,1710.845703125,1116772,1641.322491455078,1552.7039965820313,1,0.0,NULL
2021-06-17,1706.0,1722.0,1701.4000244140625,1711.4000244140625,1707.3043212890625,546515,1650.3249938964843,1556.2319970703124,1,0.0,NULL
2021-06-18,1700.0999755859375,1725.0,1686.0,1711.300048828125,1707.20458984375,2018319,1658.9724975585937,1559.947998046875,1,0.0,NULL
2021-06-21,1699.0,1747.550048828125,1690.75,1742.8499755859375,1738.678955078125,925811,1670.0774963378906,1564.522998046875,1,0.0,NULL
2021-06-22,1750.0999755859375,1770.800048828125,1748.0,1757.0,1752.795166015625,2083172,1679.4699951171874,1568.2369970703126,1,0.0,NULL
2021-06-23,1757.0,1786.0,1755.050048828125,1782.550048828125,1778.2840576171875,1608518,1689.45,1572.047998046875,1,0.0,NULL
2021-06-24,1785.0,1792.949951171875,1767.5999755859375,1780.8499755859375,1776.5880126953125,1271298,1698.7799987792969,1577.4559985351561,1,0.0,NULL
2021-06-25,1785.0,1792.0,1742.0,1753.8499755859375,1749.6527099609375,1378327,1707.6224975585938,1581.9209985351563,1,0.0,NULL
2021-06-28,1768.5,1768.5,1719.75,1728.050048828125,1723.91455078125,1339433,1714.2125,1585.7109985351562,1,0.0,NULL
2021-06-29,1735.800048828125,1746.0,1721.25,1731.5999755859375,1727.4559326171875,1236704,1721.2224975585937,1589.3619970703126,1,0.0,NULL
2021-06-30,1738.0,1755.3499755859375,1728.1500244140625,1732.5,1728.353759765625,803926,1728.5625,1593.637998046875,1,0.0,NULL
2021-07-01,1729.0,1746.4000244140625,1725.75,1740.300048828125,1736.1351318359375,567971,1731.0175048828125,1597.9859985351563,1,0.0,NULL
2021-07-02,1755.0,1767.8499755859375,1740.199951171875,1754.75,1750.550537109375,1259675,1734.7800048828126,1603.4639990234375,1,0.0,NULL
2021-07-05,1760.0,1762.9000244140625,1743.0,1749.9000244140625,1745.712158203125,632904,1738.0200073242188,1609.2330004882813,1,0.0,NULL
2021-07-06,1750.0,1774.0,1746.050048828125,1762.800048828125,1758.581298828125,960973,1740.535009765625,1614.892001953125,1,0.0,NULL
2021-07-07,1762.800048828125,1783.4000244140625,1718.0,1727.25,1723.1163330078125,2188364,1740.360009765625,1619.5350024414063,1,0.0,NULL
2021-07-08,1730.0,1746.0,1721.25,1726.3499755859375,1722.218505859375,1167637,1739.7450073242187,1623.8850024414062,1,0.0,NULL
2021-07-09,1724.0,1739.949951171875,1718.0,1720.5999755859375,1716.4822998046875,831213,1739.3525085449219,1628.1610009765625,1,0.0,NULL
2021-07-12,1730.0,1739.199951171875,1711.9000244140625,1719.8499755859375,1715.7340087890625,792602,1738.6050048828124,1632.725,1,0.0,NULL
2021-07-13,1730.0,1735.0,1717.449951171875,1724.25,1720.12353515625,797913,1738.6475036621093,1638.7310009765624,1,0.0,NULL
2021-07-14,1726.0,1728.5999755859375,1705.0,1710.3499755859375,1706.2568359375,891780,1738.4175048828124,1644.88,1,0.0,NULL
2021-07-15,1705.5,1716.75,1694.5,1701.550048828125,1697.4779052734375,943422,1737.9250061035157,1650.3430004882812,1,0.0,NULL
2021-07-16,1706.9000244140625,1710.0,1688.6500244140625,1695.3499755859375,1691.292724609375,907734,1737.1275024414062,1655.3619995117188,1,0.0,NULL
2021-07-19,1694.3499755859375,1709.25,1674.9000244140625,1680.3499755859375,1676.32861328125,831260,1734.0025024414062,1660.0389990234376,1,0.0,NULL
2021-07-20,1680.3499755859375,1691.449951171875,1662.5,1671.4000244140625,1667.4000244140625,819793,1729.7225036621094,1664.3639990234376,1,0.0,NULL
2021-07-22,1695.0,1714.6500244140625,1682.199951171875,1701.75,1701.75,1146821,1725.6825012207032,1669.6939990234375,1,0.0,NULL
2021-07-23,1714.6500244140625,1725.949951171875,1697.0,1700.949951171875,1700.949951171875,1053239,1721.6875,1674.6139990234376,1,0.0,NULL
2021-07-26,1700.9000244140625,1736.8499755859375,1700.0,1722.8499755859375,1722.8499755859375,1435514,1720.1375,1679.9539990234375,1,0.0,NULL
2021-07-27,1733.0,1742.4000244140625,1713.3499755859375,1729.050048828125,1729.050048828125,1075244,1720.1875,1685.1689990234374,1,0.0,NULL
2021-07-28,1730.0,1749.199951171875,1715.5999755859375,1723.550048828125,1723.550048828125,1714957,1719.7850036621094,1688.855,1,0.0,NULL
2021-07-29,1739.0,1756.300048828125,1727.800048828125,1739.1500244140625,1739.1500244140625,1346162,1720.1175048828125,1693.215,1,0.0,NULL
2021-07-30,1742.0,1747.9000244140625,1711.199951171875,1714.550048828125,1714.550048828125,1199644,1718.8300048828125,1696.8790014648437,1,0.0,NULL
2021-08-02,1728.0,1776.0,1725.0,1771.550048828125,1771.550048828125,1718511,1719.6700073242187,1701.5430029296874,1,0.0,NULL
2021-08-03,1780.0,1854.949951171875,1777.1500244140625,1840.199951171875,1840.199951171875,5956344,1724.1850036621095,1707.932001953125,1,0.0,NULL
2021-08-04,1857.199951171875,1858.6500244140625,1795.0,1799.5999755859375,1799.5999755859375,2040687,1726.025,1712.5410009765626,1,0.0,NULL
2021-08-05,1820.050048828125,1821.199951171875,1763.199951171875,1799.300048828125,1799.300048828125,2301814,1729.6275024414062,1716.8680029296875,1,0.0,NULL
2021-08-06,1796.0,1796.3499755859375,1778.0,1787.75,1787.75,877876,1732.6975036621093,1720.7380029296876,1,0.0,NULL
2021-08-09,1787.75,1831.5999755859375,1777.75,1799.1500244140625,1799.1500244140625,1770502,1736.6250061035157,1725.1810034179687,1,0.0,NULL
2021-08-10,1810.0,1822.0,1793.3499755859375,1799.199951171875,1799.199951171875,862746,1740.5925048828126,1729.2400024414062,1,0.0,NULL
2021-08-11,1805.0,1815.0,1773.550048828125,1789.4000244140625,1789.4000244140625,748179,1743.8500061035156,1733.2000024414062,1,0.0,NULL
2021-08-12,1798.0,1829.5999755859375,1781.0,1823.5999755859375,1823.5999755859375,889082,1749.5125061035155,1737.9580029296876,1,0.0,NULL
2021-08-13,1830.0,1841.0,1818.75,1837.9000244140625,1837.9000244140625,1194666,1756.3300048828125,1740.8920043945313,1,0.0,NULL
2021-08-16,1828.0,1847.050048828125,1817.0,1837.199951171875,1837.199951171875,461655,1763.4225036621094,1744.0460034179687,1,0.0,NULL
2021-08-17,1840.0,1878.3499755859375,1828.6500244140625,1874.449951171875,1874.449951171875,1917077,1773.1275024414062,1747.8330029296876,1,0.0,NULL
2021-08-18,1887.800048828125,1890.6500244140625,1860.0,1880.300048828125,1880.300048828125,1029077,1783.5725036621093,1751.18900390625,1,0.0,NULL
2021-08-20,1859.4000244140625,1892.300048828125,1857.949951171875,1876.800048828125,1876.800048828125,1070166,1792.3250061035155,1754.1100048828125,1,0.0,NULL
2021-08-23,1889.0,1895.0,1847.8499755859375,1870.3499755859375,1870.3499755859375,1092285,1800.7950073242187,1756.74400390625,1,0.0,NULL
2021-08-24,1883.0,1887.300048828125,1852.5999755859375,1869.5999755859375,1869.5999755859375,1003905,1808.1325073242188,1759.5670043945313,1,0.0,NULL
2021-08-25,1860.0,1869.699951171875,1820.0,1822.6500244140625,1822.6500244140625,1280400,1812.8125061035157,1761.32400390625,1,0.0,NULL
2021-08-26,1822.6500244140625,1834.5999755859375,1805.25,1815.3499755859375,1815.3499755859375,1059290,1817.4025024414063,1763.1630029296875,1,0.0,NULL
2021-08-27,1824.0,1830.0,1797.0,1822.550048828125,1822.550048828125,1020589,1821.5725036621093,1765.3150048828124,1,0.0,NULL
2021-08-30,1835.0,1886.949951171875,1831.800048828125,1878.449951171875,1878.449951171875,1670309,1829.7674987792968,1768.6560034179688,1,0.0,NULL
2021-08-31,1878.449951171875,1925.0,1875.550048828125,1921.5999755859375,1921.5999755859375,1816071,1837.2699951171876,1772.862001953125,1,0.0,NULL
2021-09-01,1925.199951171875,1953.949951171875,1915.0,1939.4000244140625,1939.4000244140625,1247432,1842.229998779297,1776.7930029296874,1,0.0,NULL
2021-09-02,1958.5,1979.5,1946.8499755859375,1967.0999755859375,1967.0999755859375,1167157,1850.604998779297,1780.9950024414063,1,0.0,NULL
2021-09-03,1970.0999755859375,2024.4000244140625,1970.0999755859375,2019.300048828125,2019.300048828125,1548784,1861.604998779297,1785.7300024414062,1,0.0,NULL
2021-09-06,2025.0,2032.8499755859375,2006.1500244140625,2020.6500244140625,2020.6500244140625,679133,1873.25,1790.5260034179687,1,0.0,NULL
2021-09-07,2014.0,2039.9000244140625,2012.699951171875,2033.9000244140625,2033.9000244140625,773091,1884.9875,1796.1270043945312,1,0.0,NULL
2021-09-08,2033.949951171875,2067.0,2015.050048828125,2055.949951171875,2055.949951171875,796813,1897.825,1802.6850024414061,1,0.0,NULL
2021-09-09,2052.0,2060.0,2021.050048828125,2034.300048828125,2034.300048828125,653397,1910.070001220703,1808.73900390625,1,0.0,NULL
2021-09-13,2037.0,2043.449951171875,2021.1500244140625,2030.6500244140625,2030.6500244140625,786459,1920.4225036621094,1814.7020043945313,1,0.0,NULL
2021-09-14,2038.9000244140625,2061.5,2032.050048828125,2055.699951171875,2055.699951171875,888765,1931.3125,1821.0100024414062,1,0.0,NULL
2021-09-15,2060.0,2133.0,2060.0,2119.85009765625,2119.85009765625,2795995,1945.4450073242188,1828.3120043945312,1,0.0,NULL
2021-09-16,2132.949951171875,2132.949951171875,2095.050048828125,2108.699951171875,2108.699951171875,725123,1957.1575073242188,1835.4880029296876,1,0.0,NULL
2021-09-17,2113.949951171875,2150.0,2080.0,2095.60009765625,2095.60009765625,1727410,1967.922509765625,1842.14400390625,1,0.0,NULL
2021-09-20,2088.0,2096.0,2070.550048828125,2077.35009765625,2077.35009765625,411738,1977.9500122070312,1849.146005859375,1,0.0,NULL
2021-09-21,2075.0,2097.5,2062.10009765625,2085.85009765625,2085.85009765625,539788,1988.7250183105468,1856.3360083007813,1,0.0,NULL
2021-09-22,2096.800048828125,2110.949951171875,2073.39990234375,2081.050048828125,2081.050048828125,1057480,1999.2975219726563,1863.545009765625,1,0.0,NULL
2021-09-23,2090.0,2113.75,2076.60009765625,2105.050048828125,2105.050048828125,711634,2013.4175231933593,1871.2490112304688,1,0.0,NULL
2021-09-24,2105.0,2115.0,2085.0,2092.89990234375,2092.89990234375,540771,2027.29501953125,1878.6220092773438,1,0.0,NULL
2021-09-27,2099.0,2107.35009765625,2077.199951171875,2090.25,2090.25,507550,2040.6800170898437,1886.220009765625,1,0.0,NULL
2021-09-28,2083.199951171875,2138.0,2083.050048828125,2129.300048828125,2129.300048828125,923489,2053.222521972656,1894.775009765625,1,0.0,NULL
2021-09-29,2129.0,2167.89990234375,2110.050048828125,2147.5,2147.5,912912,2064.5175231933595,1903.8180102539063,1,0.0,NULL
2021-09-30,2149.89990234375,2185.0,2136.300048828125,2161.85009765625,2161.85009765625,1374265,2075.640026855469,1913.4480126953124,1,0.0,NULL
2021-10-01,2157.0,2175.0,2122.64990234375,2163.75,2163.75,626710,2085.472528076172,1923.2950122070313,1,0.0,NULL
2021-10-04,2160.0,2174.300048828125,2138.0,2155.300048828125,2155.300048828125,870878,2092.272528076172,1932.3660131835939,1,0.0,NULL
2021-10-05,2155.300048828125,2206.64990234375,2130.0,2192.64990234375,2192.64990234375,1329784,2100.872521972656,1942.2000122070312,1,0.0,NULL
2021-10-06,2194.0,2204.699951171875,2135.10009765625,2147.64990234375,2147.64990234375,895210,2106.5600158691404,1950.6960107421876,1,0.0,NULL
2021-10-07,2255.0,2384.25,2250.0,2375.35009765625,2375.35009765625,8361061,2122.5300231933593,1963.62201171875,1,0.0,NULL
2021-10-08,2420.0,2420.0,2353.0,2358.199951171875,2358.199951171875,1845797,2138.725018310547,1976.315009765625,1,0.0,NULL
2021-10-11,2377.0,2406.10009765625,2357.550048828125,2362.39990234375,2362.39990234375,1056932,2155.3125122070314,1988.7800073242188,1,0.0,NULL
2021-10-12,2365.0,2507.800048828125,2342.64990234375,2492.60009765625,2492.60009765625,3517011,2177.15751953125,2004.3410083007811,1,0.0,NULL
2021-10-13,2539.89990234375,2608.949951171875,2490.0,2537.199951171875,2537.199951171875,4023645,2198.025012207031,2019.6540063476561,1,0.0,NULL
2021-10-14,2575.300048828125,2584.0,2532.35009765625,2564.050048828125,2564.050048828125,1546459,2220.792517089844,2034.1310083007813,1,0.0,NULL
2021-10-18,2620.0,2677.89990234375,2575.5,2588.800048828125,2588.800048828125,2572741,2245.4525146484375,2049.915009765625,1,0.0,NULL
2021-10-19,2638.0,2638.0,2468.75,2484.89990234375,2484.89990234375,3546129,2265.8300048828123,2063.6270068359377,1,0.0,NULL
2021-10-20,2487.10009765625,2505.550048828125,2403.0,2411.39990234375,2411.39990234375,2868983,2282.1074951171877,2076.1000048828123,1,0.0,NULL
2021-10-21,2433.89990234375,2435.949951171875,2380.050048828125,2395.699951171875,2395.699951171875,2303014,2297.839990234375,2088.031003417969,1,0.0,NULL
2021-10-22,2417.39990234375,2494.949951171875,2398.0,2412.0,2412.0,3063724,2313.1874877929686,2100.2870043945313,1,0.0,NULL
2021-10-25,2405.0,2412.0,2340.0,2379.14990234375,2379.14990234375,1446182,2327.4999877929686,2112.082001953125,1,0.0,NULL
2021-10-26,2390.0,2468.449951171875,2371.0,2454.75,2454.75,2567357,2345.724987792969,2124.705002441406,1,0.0,NULL
2021-10-27,2468.0,2482.35009765625,2452.199951171875,2460.10009765625,2460.10009765625,2082690,2362.264990234375,2137.14900390625,1,0.0,NULL
2021-10-28,2470.0,2470.0,2360.0,2375.14990234375,2375.14990234375,3330380,2373.6474853515624,2147.9080029296874,1,0.0,NULL
2021-10-29,2400.0,2404.0,2346.550048828125,2383.550048828125,2383.550048828125,1450019,2384.7324829101562,2158.0900048828125,1,0.0,NULL
2021-11-01,2441.449951171875,2441.449951171875,2390.35009765625,2406.300048828125,2406.300048828125,1276469,2396.8599853515625,2168.6100048828125,1,0.0,NULL
2021-11-02,2422.800048828125,2464.800048828125,2421.050048828125,2453.949951171875,2453.949951171875,1546219,2411.79248046875,2180.1530029296873,1,0.0,NULL
2021-11-03,2462.0,2471.64990234375,2406.050048828125,2417.949951171875,2417.949951171875,1554405,2423.057482910156,2191.105002441406,1,0.0,NULL
2021-11-04,2439.0,2444.800048828125,2422.0,2431.75,2431.75,181506,2437.262487792969,2202.3480029296875,1,0.0,NULL
2021-11-08,2477.89990234375,2548.699951171875,2448.300048828125,2536.75,2536.75,3449086,2445.332482910156,2216.6300024414063,1,0.0,NULL
2021-11-09,2528.949951171875,2543.800048828125,2491.14990234375,2512.10009765625,2512.10009765625,1097405,2453.027490234375,2230.5650048828124,1,0.0,NULL
2021-11-10,2505.0,2526.85009765625,2472.199951171875,2484.60009765625,2484.60009765625,911235,2459.1375,2243.806005859375,1,0.0,NULL
2021-11-11,2484.0,2542.800048828125,2476.300048828125,2528.10009765625,2528.10009765625,1726010,2460.9125,2256.7990087890626,1,0.0,NULL
2021-11-12,2547.85009765625,2561.75,2523.0,2539.5,2539.5,1673817,2461.0275024414063,2269.1570092773436,1,0.0,NULL
2021-11-15,2551.0,2572.699951171875,2531.699951171875,2539.39990234375,2539.39990234375,846885,2459.7949951171877,2281.1570068359374,1,0.0,NULL
2021-11-16,2550.10009765625,2551.35009765625,2520.14990234375,2531.75,2531.75,1133767,2456.942492675781,2292.450007324219,1,0.0,NULL
2021-11-17,2522.89990234375,2539.0,2491.10009765625,2499.35009765625,2499.35009765625,892518,2457.665002441406,2302.051008300781,1,0.0,NULL
2021-11-18,2492.0,2520.0,2456.5,2478.199951171875,2478.199951171875,739912,2461.0050048828125,2311.2020068359375,1,0.0,NULL
2021-11-22,2492.39990234375,2492.39990234375,2353.0,2391.300048828125,2391.300048828125,1361329,2460.785009765625,2318.350007324219,1,0.0,NULL
2021-11-23,2380.0,2410.949951171875,2365.050048828125,2387.699951171875,2387.699951171875,1247942,2459.5700073242188,2324.9850073242187,1,0.0,NULL
2021-11-24,2400.0,2405.25,2365.0,2375.85009765625,2375.85009765625,614145,2459.4050170898436,2331.816008300781,1,0.0,NULL
2021-11-25,2360.0,2403.199951171875,2355.14990234375,2397.800048828125,2397.800048828125,662071,2456.55751953125,2339.1590087890627,1,0.0,NULL
2021-11-26,2377.800048828125,2385.10009765625,2285.050048828125,2292.300048828125,2292.300048828125,1289322,2448.167517089844,2343.8910107421875,1,0.0,NULL
2021-11-29,2290.0,2334.39990234375,2231.39990234375,2324.199951171875,2324.199951171875,1094276,2445.62001953125,2347.9780078125,1,0.0,NULL
2021-11-30,2336.39990234375,2390.0,2336.39990234375,2375.5,2375.5,2675375,2445.2175170898436,2353.3140087890624,1,0.0,NULL
2021-12-01,2409.800048828125,2441.949951171875,2347.39990234375,2360.199951171875,2360.199951171875,2177426,2442.9125122070313,2358.606005859375,1,0.0,NULL
2021-12-02,2369.0,2422.5,2360.050048828125,2386.5,2386.5,1682636,2439.5400146484376,2364.78900390625,1,0.0,NULL
2021-12-03,2405.0,2405.449951171875,2355.050048828125,2369.25,2369.25,1062389,2437.105017089844,2370.457001953125,1,0.0,NULL
2021-12-06,2361.35009765625,2379.85009765625,2318.39990234375,2325.300048828125,2325.300048828125,547641,2431.78251953125,2375.342001953125,1,0.0,NULL
2021-12-07,2336.5,2385.85009765625,2325.35009765625,2380.550048828125,2380.550048828125,904175,2423.972521972656,2380.852001953125,1,0.0,NULL
2021-12-08,2385.0,2418.0,2377.10009765625,2405.550048828125,2405.550048828125,926476,2418.64501953125,2387.1050048828124,1,0.0,NULL
2021-12-09,2424.0,2424.0,2355.85009765625,2373.14990234375,2373.14990234375,1250492,2413.072509765625,2392.7630029296874,1,0.0,NULL
2021-12-10,2385.39990234375,2385.39990234375,2296.300048828125,2339.35009765625,2339.35009765625,2288164,2403.635009765625,2396.96400390625,1,0.0,NULL
2021-12-13,2352.60009765625,2386.0,2340.10009765625,2350.5,2350.5,992852,2394.185009765625,2401.02400390625,0,-1.0,NULL
2021-12-14,2342.699951171875,2371.25,2318.75,2354.85009765625,2354.85009765625,765269,2384.95751953125,2404.88400390625,0,0.0,NULL
2021-12-15,2355.10009765625,2368.25,2317.449951171875,2323.14990234375,2323.14990234375,567271,2374.5275146484373,2408.072001953125,0,0.0,NULL
2021-12-16,2344.10009765625,2364.800048828125,2325.25,2357.25,2357.25,998086,2367.422509765625,2412.1110009765625,0,0.0,NULL
2021-12-17,2336.0,2339.300048828125,2257.10009765625,2280.39990234375,2280.39990234375,1591893,2357.532507324219,2413.8660009765626,0,0.0,NULL
2021-12-20,2259.699951171875,2263.14990234375,2205.0,2239.35009765625,2239.35009765625,1063366,2349.935009765625,2415.7000048828127,0,0.0,NULL
2021-12-21,2251.300048828125,2310.0,2251.300048828125,2287.64990234375,2287.64990234375,883858,2344.932507324219,2413.9460009765626,0,0.0,NULL
2021-12-22,2306.300048828125,2308.10009765625,2282.35009765625,2299.75,2299.75,643034,2341.1275024414062,2412.777001953125,0,0.0,NULL
2021-12-23,2320.0,2337.550048828125,2310.0,2329.89990234375,2329.89990234375,613686,2337.7324951171877,2412.127001953125,0,0.0,NULL
2021-12-24,2340.10009765625,2341.89990234375,2310.0,2319.449951171875,2319.449951171875,534065,2339.089990234375,2408.6639990234376,0,0.0,NULL
2021-12-27,2306.14990234375,2344.0,2286.300048828125,2331.300048828125,2331.300048828125,537545,2339.4449951171873,2404.5460009765625,0,0.0,NULL
2021-12-28,2340.10009765625,2384.949951171875,2327.5,2379.85009765625,2379.85009765625,871453,2339.6625,2400.862001953125,0,0.0,NULL
2021-12-29,2379.0,2416.449951171875,2370.35009765625,2402.14990234375,2402.14990234375,764644,2341.7599975585936,2397.1289990234377,0,0.0,NULL
2021-12-30,2393.800048828125,2448.0,2390.699951171875,2437.300048828125,2437.300048828125,1152684,2344.3,2396.177001953125,0,0.0,NULL
2021-12-31,2447.300048828125,2535.0,2444.60009765625,2522.39990234375,2522.39990234375,2225749,2351.9574951171876,2398.397001953125,0,0.0,NULL
2022-01-03,2510.0,2546.0,2502.300048828125,2523.85009765625,2523.85009765625,921729,2361.8849975585936,2400.9600048828124,0,0.0,NULL
2022-01-04,2525.0,2594.949951171875,2524.39990234375,2583.0,2583.0,1037293,2372.0074951171873,2404.3800048828125,0,0.0,NULL
2022-01-05,2576.0,2608.0,2560.10009765625,2576.14990234375,2576.14990234375,1244568,2380.537487792969,2408.3200048828126,0,0.0,NULL
2022-01-06,2540.0,2601.35009765625,2538.449951171875,2595.89990234375,2595.89990234375,1130508,2391.6749877929688,2411.1430029296876,0,0.0,NULL
2022-01-07,2630.0,2687.25,2562.35009765625,2572.699951171875,2572.699951171875,4625230,2403.34248046875,2413.395,0,0.0,NULL
2022-01-10,2585.0,2663.550048828125,2571.0,2657.5,2657.5,1894316,2418.69248046875,2419.042001953125,0,0.0,NULL
2022-01-11,2650.0,2678.75,2634.300048828125,2653.35009765625,2653.35009765625,1123968,2433.61748046875,2424.4380029296876,1,1.0,SELL
2022-01-12,2641.0,2672.0,2608.0,2612.949951171875,2612.949951171875,1293999,2448.1074829101562,2428.5710009765626,1,0.0,NULL
2022-01-13,2611.0,2628.89990234375,2588.0,2619.25,2619.25,1023670,2461.207482910156,2431.877001953125,1,0.0,NULL
2022-01-14,2626.0,2639.0,2588.85009765625,2592.75,2592.75,1166457,2476.824987792969,2435.3730029296876,1,0.0,NULL
2022-01-17,2592.75,2604.300048828125,2550.39990234375,2597.550048828125,2597.550048828125,1172956,2494.7349853515625,2438.68900390625,1,0.0,NULL
2022-01-18,2598.0,2635.0,2587.0,2600.60009765625,2600.60009765625,1221314,2510.3824951171873,2439.966005859375,1,0.0,NULL
2022-01-19,2598.0,2617.800048828125,2571.10009765625,2588.89990234375,2588.89990234375,629040,2524.839990234375,2441.502001953125,1,0.0,NULL
2022-01-20,2597.0,2610.0,2550.0,2564.300048828125,2564.300048828125,1215237,2536.5599975585938,2443.0960009765627,1,0.0,NULL
2022-01-21,2548.0,2561.89990234375,2505.0,2528.14990234375,2528.14990234375,1457884,2546.9949951171875,2443.0969970703127,1,0.0,NULL
2022-01-24,2520.0,2522.550048828125,2376.0,2403.050048828125,2403.050048828125,1411443,2550.5824951171876,2440.367998046875,1,0.0,NULL
2022-01-25,2386.0,2407.75,2330.39990234375,2376.5,2376.5,2849686,2550.414990234375,2437.11,1,0.0,NULL
2022-01-27,2327.0,2360.39990234375,2260.0,2310.050048828125,2310.050048828125,2460051,2545.8099975585938,2432.6760009765626,1,0.0,NULL
2022-01-28,2313.0,2377.800048828125,2308.0,2315.60009765625,2315.60009765625,1317407,2539.725,2429.0010009765624,1,0.0,NULL
2022-01-31,2353.0,2380.0,2336.35009765625,2360.300048828125,2360.300048828125,900510,2531.620007324219,2426.6430029296876,1,0.0,NULL
2022-02-01,2378.800048828125,2442.10009765625,2358.949951171875,2431.800048828125,2431.800048828125,1246431,2527.0175048828123,2427.4530029296875,1,0.0,NULL
2022-02-02,2451.0,2477.89990234375,2441.75,2464.0,2464.0,1144427,2521.0675048828125,2428.97900390625,1,0.0,NULL
2022-02-03,2480.5,2506.550048828125,2417.0,2474.949951171875,2474.949951171875,3883564,2516.0075073242188,2430.9610009765624,1,0.0,NULL
2022-02-04,2510.0,2520.0,2430.0,2471.14990234375,2471.14990234375,2718069,2509.7700073242186,2432.427998046875,1,0.0,NULL
2022-02-07,2480.0,2498.14990234375,2388.0,2409.199951171875,2409.199951171875,1119632,2501.595007324219,2434.76599609375,1,0.0,NULL
2022-02-08,2418.39990234375,2465.0,2400.89990234375,2443.64990234375,2443.64990234375,1524580,2490.9025024414063,2437.1549951171874,1,0.0,NULL
2022-02-09,2465.0,2495.0,2456.050048828125,2484.800048828125,2484.800048828125,826261,2482.475,2439.34099609375,1,0.0,NULL
2022-02-10,2499.949951171875,2503.949951171875,2465.550048828125,2491.85009765625,2491.85009765625,788689,2476.4200073242187,2441.9739990234375,1,0.0,NULL
2022-02-11,2480.0,2480.0,2421.25,2442.25,2442.25,1030760,2467.5700073242188,2443.0889990234373,1,0.0,NULL
2022-02-14,2380.0,2423.0,2351.25,2398.0,2398.0,816491,2457.8325073242186,2443.6639990234376,1,0.0,NULL
2022-02-15,2421.949951171875,2499.800048828125,2399.0,2495.89990234375,2495.89990234375,1293933,2452.75,2447.07599609375,1,0.0,NULL
2022-02-16,2510.0,2519.89990234375,2460.25,2488.050048828125,2488.050048828125,1008929,2447.1224975585938,2449.22599609375,0,-1.0,NULL
2022-02-17,2509.5,2537.5,2487.0,2493.199951171875,2493.199951171875,960885,2442.3375,2450.978994140625,0,0.0,NULL
2022-02-18,2479.300048828125,2499.5,2460.800048828125,2488.949951171875,2488.949951171875,654373,2438.5699951171873,2453.2949951171877,0,0.0,NULL
2022-02-21,2488.0,2488.0,2411.050048828125,2454.35009765625,2454.35009765625,788568,2434.8800048828125,2455.5949951171874,0,0.0,NULL
2022-02-22,2377.0,2457.0,2377.0,2450.10009765625,2450.10009765625,874150,2437.2325073242187,2457.5869970703125,0,0.0,NULL
2022-02-23,2452.0,2525.0,2452.0,2495.699951171875,2495.699951171875,2096198,2443.1925048828125,2460.403994140625,0,0.0,NULL
2022-02-24,2402.0,2466.0,2395.0,2406.60009765625,2406.60009765625,1875086,2448.0200073242186,2462.072998046875,0,0.0,NULL
2022-02-25,2423.5,2474.0,2423.5,2468.449951171875,2468.449951171875,1284338,2455.6625,2464.2969970703125,0,0.0,NULL
2022-02-28,2430.0,2563.64990234375,2430.0,2546.550048828125,2546.550048828125,2355891,2464.975,2469.62,0,0.0,NULL
2022-03-02,2550.0,2604.800048828125,2524.35009765625,2592.64990234375,2592.64990234375,3536974,2473.0174926757813,2476.68599609375,0,0.0,NULL
2022-03-03,2620.0,2639.800048828125,2560.0,2574.25,2574.25,2153478,2478.529992675781,2482.417998046875,0,0.0,NULL
2022-03-04,2565.0,2565.0,2430.0,2441.0,2441.0,2652474,2476.8324951171876,2485.242998046875,0,0.0,NULL
2022-03-07,2414.800048828125,2419.949951171875,2330.0,2389.699951171875,2389.699951171875,1545686,2472.7599975585936,2486.4389990234376,0,0.0,NULL
2022-03-08,2400.0,2419.5,2325.60009765625,2371.25,2371.25,1467595,2470.8625,2487.475,0,0.0,NULL
2022-03-09,2393.0,2460.5,2375.0,2433.64990234375,2433.64990234375,1581979,2470.3625,2489.5219970703124,0,0.0,NULL
2022-03-10,2498.0,2504.75,2444.85009765625,2467.800048828125,2467.800048828125,1051744,2469.5125,2491.28099609375,0,0.0,NULL
2022-03-11,2478.0,2498.199951171875,2448.85009765625,2493.60009765625,2493.60009765625,812330,2469.6,2493.11,0,0.0,NULL
2022-03-14,2490.0,2545.0,2475.0,2539.0,2539.0,1004492,2474.4375,2495.1439990234376,0,0.0,NULL
2022-03-15,2559.0,2579.0,2543.199951171875,2556.949951171875,2556.949951171875,1571483,2482.3849975585936,2495.835,0,0.0,NULL
2022-03-16,2577.800048828125,2593.5,2566.0,2587.300048828125,2587.300048828125,757197,2486.9550048828123,2497.1039990234376,0,0.0,NULL
2022-03-17,2600.10009765625,2721.64990234375,2600.10009765625,2703.0,2703.0,3336088,2497.702502441406,2499.5039990234377,0,0.0,NULL
2022-03-21,2740.0,2768.0,2700.0,2707.25,2707.25,1889261,2508.4050048828126,2502.1260009765624,1,1.0,SELL
2022-03-22,2716.25,2718.800048828125,2646.449951171875,2712.75,2712.75,1279904,2519.595007324219,2504.4630029296877,1,0.0,NULL
2022-03-23,2730.0,2742.949951171875,2677.85009765625,2690.0,2690.0,1281815,2531.3775024414062,2506.80900390625,1,0.0,NULL
2022-03-24,2694.0,2694.0,2612.550048828125,2618.5,2618.5,1835380,2539.797497558594,2506.02900390625,1,0.0,NULL
2022-03-25,2631.0,2634.0,2518.0,2523.89990234375,2523.89990234375,2863040,2541.2074951171876,2503.44,1,0.0,NULL
2022-03-28,2536.5,2545.550048828125,2483.0,2535.89990234375,2535.89990234375,1316800,2547.6724853515625,2501.8989990234377,1,0.0,NULL
2022-03-29,2550.0,2559.0,2525.300048828125,2538.800048828125,2538.800048828125,908172,2551.189990234375,2500.29,1,0.0,NULL
2022-03-30,2556.300048828125,2565.75,2510.0,2523.14990234375,2523.14990234375,866666,2550.019982910156,2498.897998046875,1,0.0,NULL
2022-03-31,2525.25,2545.39990234375,2519.949951171875,2536.14990234375,2536.14990234375,910316,2547.1949829101563,2497.6699951171877,1,0.0,NULL
2022-04-01,2538.0,2550.0,2491.85009765625,2520.85009765625,2520.85009765625,1208002,2544.5249877929687,2496.0749951171874,1,0.0,NULL
2022-04-04,2540.35009765625,2562.0,2508.75,2517.0,2517.0,1424995,2548.324987792969,2494.6369970703126,1,0.0,NULL
2022-04-05,2532.0,2577.800048828125,2520.050048828125,2549.199951171875,2549.199951171875,1586304,2556.2999877929688,2494.3349951171876,1,0.0,NULL
2022-04-06,2547.0,2564.89990234375,2523.300048828125,2540.050048828125,2540.050048828125,1349078,2564.739990234375,2494.572998046875,1,0.0,NULL
2022-04-07,2502.300048828125,2544.449951171875,2452.0,2458.35009765625,2458.35009765625,2785215,2565.975,2495.6789990234374,1,0.0,NULL
2022-04-08,2468.35009765625,2532.64990234375,2465.0,2509.949951171875,2509.949951171875,1217812,2568.0824951171876,2498.347998046875,1,0.0,NULL
2022-04-11,2503.0,2509.949951171875,2477.39990234375,2489.85009765625,2489.85009765625,660112,2567.8949951171876,2501.9439990234373,1,0.0,NULL
2022-04-12,2480.0,2508.5,2440.25,2488.199951171875,2488.199951171875,1182427,2565.3549926757814,2505.39599609375,1,0.0,NULL
2022-04-13,2492.199951171875,2495.949951171875,2441.10009765625,2461.35009765625,2461.35009765625,1165453,2560.575,2507.4169970703124,1,0.0,NULL
2022-04-18,2435.0,2500.0,2410.0,2493.449951171875,2493.449951171875,1109814,2555.8824951171873,2508.6499951171877,1,0.0,NULL
2022-04-19,2509.39990234375,2520.60009765625,2441.0,2452.60009765625,2452.60009765625,929834,2543.3625,2508.4219970703125,1,0.0,NULL
2022-04-20,2453.050048828125,2505.0,2442.699951171875,2482.699951171875,2482.699951171875,639190,2532.1349975585936,2508.5769970703127,1,0.0,NULL
2022-04-21,2482.699951171875,2524.949951171875,2466.0,2521.0,2521.0,880723,2522.547497558594,2509.5739990234374,1,0.0,NULL
2022-04-22,2515.0,2526.449951171875,2476.5,2512.699951171875,2512.699951171875,878780,2513.6824951171875,2511.6439990234376,1,0.0,NULL
2022-04-25,2471.0,2489.0,2447.050048828125,2453.89990234375,2453.89990234375,682383,2505.452490234375,2511.8489990234375,0,-1.0,NULL
2022-04-26,2460.0,2552.14990234375,2459.0,2548.199951171875,2548.199951171875,1232557,2506.6674926757814,2513.1169970703127,0,0.0,NULL
2022-04-27,2528.64990234375,2537.800048828125,2488.25,2492.35009765625,2492.35009765625,801135,2504.4900024414064,2513.1269970703124,0,0.0,NULL
2022-04-28,2529.89990234375,2531.0,2477.0,2513.199951171875,2513.199951171875,933881,2503.209997558594,2514.54599609375,0,0.0,NULL
2022-04-29,2521.0,2532.0,2450.0,2458.199951171875,2458.199951171875,1496781,2499.9625,2515.7499951171876,0,0.0,NULL
2022-05-02,2435.0,2437.0,2372.35009765625,2386.550048828125,2386.550048828125,1287401,2492.4825073242187,2513.562998046875,0,0.0,NULL
2022-05-04,2356.0,2407.0,2275.0,2289.949951171875,2289.949951171875,2357806,2480.9375,2509.60099609375,0,0.0,NULL
2022-05-05,2309.0,2309.0,2252.14990234375,2262.0,2262.0,2118580,2468.1875,2504.9769970703123,0,0.0,NULL
2022-05-06,2240.0,2240.0,2195.449951171875,2208.75,2208.75,1465638,2451.165002441406,2499.372998046875,0,0.0,NULL
